ts_utc,open,high,low,close,vol
2026-09-06T07:01:00Z,4436.84,4436.84,4436.84,4436.84,0.0045
2026-09-06T07:02:00Z,4436.84,4437.04,4436.84,4437.04,0.169
2026-09-06T07:03:00Z,4437.04,4437.04,4437.04,4437.04,0
2026-09-06T07:04:00Z,4437.04,4437.04,4437.04,4437.04,0
2026-09-06T07:05:00Z,4437.04,4437.04,4437.04,4437.04,0
2026-09-06T07:06:00Z,4437.04,4437.04,4437.04,4437.04,0
2026-09-06T07:07:00Z,4437.04,4437.04,4437.04,4437.04,0
2026-09-06T07:08:00Z,4436.69,4437.16,4436.68,4437.16,2.8439
2026-09-06T07:09:00Z,4437.16,4437.16,4436.51,4436.51,0.2366
2026-09-06T07:10:00Z,4436.51,4436.51,4436.51,4436.51,0
2026-09-06T07:11:00Z,4436.57,4437.66,4436.57,4437.53,21.682499999999997
2026-09-06T07:12:00Z,4437.53,4438.13,4437.42,4437.84,5.5353
2026-09-06T07:13:00Z,4437.84,4437.84,4436.47,4437.08,1.239
2026-09-06T07:14:00Z,4437.08,4437.08,4436.91,4436.91,0.169
2026-09-06T07:15:00Z,4436.91,4436.91,4436.79,4436.83,0.5207
2026-09-06T07:16:00Z,4436.83,4437.51,4436.62,4437.34,0.7948999999999999
2026-09-06T07:17:00Z,4437.34,4437.37,4436.27,4436.27,11.1802
2026-09-06T07:18:00Z,4436.27,4436.79,4436.27,4436.62,1.6994
2026-09-06T07:19:00Z,4436.62,4436.62,4436.57,4436.57,0.0811
2026-09-06T07:20:00Z,4436.57,4436.57,4436.57,4436.57,0
2026-09-06T07:21:00Z,4436.19,4436.19,4436.19,4436.19,0.476
2026-09-06T07:22:00Z,4436.19,4436.24,4436.13,4436.13,0.7992
2026-09-06T07:23:00Z,4436.13,4436.32,4435.87,4436.18,1.0243
2026-09-06T07:24:00Z,4436.18,4436.34,4436.15,4436.15,0.2615
2026-09-06T07:25:00Z,4436.15,4436.15,4436.15,4436.15,0
2026-09-06T07:26:00Z,4435.54,4435.54,4434.77,4435,7.2149
2026-09-06T07:27:00Z,4435,4435.29,4434.61,4434.95,1.5496
2026-09-06T07:28:00Z,4434.95,4435.11,4434.82,4434.82,0.1339
2026-09-06T07:29:00Z,4434.82,4434.82,4434.82,4434.82,0
2026-09-06T07:30:00Z,4433.87,4434.12,4433.87,4434.12,0.3697
2026-09-06T07:31:00Z,4434.12,4434.12,4434.12,4434.12,0
2026-09-06T07:32:00Z,4433.57,4433.57,4433.57,4433.57,0.0087
2026-09-06T07:33:00Z,4433.57,4433.9,4433.57,4433.9,0.004
2026-09-06T07:34:00Z,4433.9,4433.97,4433.54,4433.54,1.0253
2026-09-06T07:35:00Z,4433.54,4433.54,4433.54,4433.54,0
2026-09-06T07:36:00Z,4433.54,4433.54,4433.54,4433.54,0
2026-09-06T07:37:00Z,4434.12,4434.28,4434.04,4434.28,2.71
2026-09-06T07:38:00Z,4434.28,4434.34,4434.28,4434.34,0.1051
2026-09-06T07:39:00Z,4434.34,4434.35,4433.48,4433.54,1.1273
2026-09-06T07:40:00Z,4433.54,4433.54,4433.54,4433.54,0
2026-09-06T07:41:00Z,4433.43,4433.43,4433.43,4433.43,0.1691
2026-09-06T07:42:00Z,4433.43,4433.43,4429.35,4430.45,13.4038
2026-09-06T07:43:00Z,4430.45,4430.52,4429.73,4430.22,1.7441
2026-09-06T07:44:00Z,4430.22,4430.51,4430.22,4430.35,0.5095
2026-09-06T07:45:00Z,4430.35,4430.35,4430.08,4430.14,1.0846
2026-09-06T07:46:00Z,4430.14,4431.65,4430.14,4431.05,1.2458
2026-09-06T07:47:00Z,4431.05,4431.38,4430.67,4430.67,0.1782
2026-09-06T07:48:00Z,4430.67,4430.67,4430.67,4430.67,0
2026-09-06T07:49:00Z,4430.72,4430.73,4430.36,4430.36,1.9134
2026-09-06T07:50:00Z,4430.36,4430.61,4430.36,4430.61,0.0214
2026-09-06T07:51:00Z,4430.61,4430.61,4430.61,4430.61,0
2026-09-06T07:52:00Z,4430.61,4430.61,4430.61,4430.61,0
2026-09-06T07:53:00Z,4431.28,4431.28,4431.28,4431.28,0.0047
2026-09-06T07:54:00Z,4431.28,4432.26,4431.28,4432.26,0.731
2026-09-06T07:55:00Z,4432.26,4433,4432.26,4432.97,9.2709
2026-09-06T07:56:00Z,4432.97,4432.97,4432.15,4432.15,0.5606
2026-09-06T07:57:00Z,4432.15,4432.25,4432.1,4432.1,1
2026-09-06T07:58:00Z,4432.1,4432.1,4432.1,4432.1,0
2026-09-06T07:59:00Z,4432,4432,4431.71,4431.72,4
2026-09-06T08:00:00Z,4431.72,4432.05,4431.53,4432.05,2.0949
2026-09-06T08:01:00Z,4432.05,4432.07,4431.62,4431.91,3.4981999999999998
2026-09-06T08:02:00Z,4431.91,4432.04,4431.31,4431.81,2.9087
2026-09-06T08:03:00Z,4431.81,4431.81,4431.66,4431.66,0.0359
2026-09-06T08:04:00Z,4431.66,4431.66,4430.81,4431.45,1.907
2026-09-06T08:05:00Z,4431.45,4431.98,4431.25,4431.98,1.5755
2026-09-06T08:06:00Z,4431.98,4432.07,4431.81,4431.81,0.9831
2026-09-06T08:07:00Z,4431.81,4431.81,4431.81,4431.81,0
2026-09-06T08:08:00Z,4431.82,4431.82,4431.82,4431.82,0.1737
2026-09-06T08:09:00Z,4431.82,4431.82,4431.82,4431.82,0
2026-09-06T08:10:00Z,4431.82,4431.82,4431.82,4431.82,0
2026-09-06T08:11:00Z,4431.82,4431.82,4431.82,4431.82,0
2026-09-06T08:12:00Z,4431.69,4432.01,4431.47,4432.01,1.0475
2026-09-06T08:13:00Z,4432.01,4432.01,4431.64,4431.76,1.8886
2026-09-06T08:14:00Z,4431.76,4431.76,4431.76,4431.76,0
2026-09-06T08:15:00Z,4431.76,4431.76,4431.76,4431.76,0
2026-09-06T08:16:00Z,4431.81,4431.81,4431.24,4431.62,1.6528
2026-09-06T08:17:00Z,4431.62,4431.62,4430.82,4431,11.7831
2026-09-06T08:18:00Z,4431,4431,4431,4431,2.4937
2026-09-06T08:19:00Z,4431,4431,4430.64,4431,6.2439
2026-09-06T08:20:00Z,4431,4431,4430.49,4430.53,1.0366
2026-09-06T08:21:00Z,4430.53,4430.56,4430.53,4430.56,0.2166
2026-09-06T08:22:00Z,4430.56,4430.56,4430.38,4430.38,0.2276
2026-09-06T08:23:00Z,4430.38,4430.38,4430.38,4430.38,0
2026-09-06T08:24:00Z,4430.38,4430.38,4430.38,4430.38,0
2026-09-06T08:25:00Z,4430.44,4430.44,4430.44,4430.44,0.0045
2026-09-06T08:26:00Z,4430.44,4430.44,4430.44,4430.44,0
2026-09-06T08:27:00Z,4430.19,4430.19,4430.19,4430.19,0.0041
2026-09-06T08:28:00Z,4430.19,4430.19,4430.19,4430.19,0
2026-09-06T08:29:00Z,4430.42,4430.42,4430.19,4430.19,0.0112
2026-09-06T08:30:00Z,4430.19,4430.19,4430.19,4430.19,0
2026-09-06T08:31:00Z,4430.19,4430.19,4430.19,4430.19,0
2026-09-06T08:32:00Z,4430.94,4431.36,4430.81,4431.36,4.844
2026-09-06T08:33:00Z,4431.36,4431.52,4430.94,4431.44,8.6173
2026-09-06T08:34:00Z,4431.44,4431.44,4431.44,4431.44,0
2026-09-06T08:35:00Z,4431.44,4431.44,4431.44,4431.44,0
2026-09-06T08:36:00Z,4431.44,4431.44,4431.44,4431.44,0
2026-09-06T08:37:00Z,4431.63,4431.63,4431.63,4431.63,0.1806
2026-09-06T08:38:00Z,4431.63,4431.63,4431.63,4431.63,0
2026-09-06T08:39:00Z,4431.63,4431.63,4431.63,4431.63,0
2026-09-06T08:40:00Z,4432.25,4432.25,4432.25,4432.25,0.0065
2026-09-06T08:41:00Z,4432.25,4432.25,4432.25,4432.25,0.0809
2026-09-06T08:42:00Z,4432.25,4432.25,4431.89,4431.89,0.5623
2026-09-06T08:43:00Z,4431.89,4431.89,4431.89,4431.89,0
2026-09-06T08:44:00Z,4431.89,4431.89,4431.89,4431.89,0
2026-09-06T08:45:00Z,4431.89,4431.89,4431.89,4431.89,0
2026-09-06T08:46:00Z,4431.95,4431.95,4431.95,4431.95,0.0043
2026-09-06T08:47:00Z,4431.95,4432.09,4431.95,4432.09,0.0219
2026-09-06T08:48:00Z,4432.09,4432.35,4432,4432.04,1.1781
2026-09-06T08:49:00Z,4432.04,4432.32,4431.97,4432.07,0.8047
2026-09-06T08:50:00Z,4432.07,4432.07,4432.07,4432.07,0
2026-09-06T08:51:00Z,4432.07,4432.07,4432.07,4432.07,0
2026-09-06T08:52:00Z,4432.07,4432.07,4432.07,4432.07,0
2026-09-06T08:53:00Z,4432.07,4432.07,4432.07,4432.07,0
2026-09-06T08:54:00Z,4432.07,4432.07,4432.07,4432.07,0
2026-09-06T08:55:00Z,4433.03,4433.03,4433.03,4433.03,0.0219
2026-09-06T08:56:00Z,4433.03,4433.03,4433.03,4433.03,0
2026-09-06T08:57:00Z,4433.5,4433.5,4433.49,4433.49,1.2590999999999999
2026-09-06T08:58:00Z,4433.49,4433.69,4433.49,4433.69,0.4758
2026-09-06T08:59:00Z,4433.69,4433.69,4433.69,4433.69,0
2026-09-06T09:00:00Z,4432.73,4433.32,4432.73,4433.32,0.6779
2026-09-06T09:01:00Z,4433.32,4433.32,4433.32,4433.32,0
2026-09-06T09:02:00Z,4433.32,4433.32,4433.32,4433.32,0
2026-09-06T09:03:00Z,4432.71,4432.71,4432.71,4432.71,0.0058
2026-09-06T09:04:00Z,4432.71,4432.79,4432.71,4432.79,0.0065
2026-09-06T09:05:00Z,4432.79,4432.79,4432.79,4432.79,0
2026-09-06T09:06:00Z,4432.79,4432.79,4432.79,4432.79,0
2026-09-06T09:07:00Z,4432.79,4432.79,4432.79,4432.79,0
2026-09-06T09:08:00Z,4433.47,4433.9,4433.47,4433.69,0.7685
2026-09-06T09:09:00Z,4433.69,4433.69,4433.69,4433.69,0
2026-09-06T09:10:00Z,4433.97,4433.97,4433.97,4433.97,0.3382
2026-09-06T09:11:00Z,4433.97,4438.96,4433.97,4437.31,16.465600000000002
2026-09-06T09:12:00Z,4437.31,4437.31,4436.48,4436.61,3.5807
2026-09-06T09:13:00Z,4436.61,4436.61,4436.29,4436.29,0.0043
2026-09-06T09:14:00Z,4436.29,4436.29,4436.29,4436.29,0
2026-09-06T09:15:00Z,4436.29,4436.29,4436.29,4436.29,0
2026-09-06T09:16:00Z,4436.29,4436.29,4436.29,4436.29,0
2026-09-06T09:17:00Z,4436.17,4437.38,4436.17,4437.38,0.3109
2026-09-06T09:18:00Z,4437.38,4437.38,4437.15,4437.15,0.507
2026-09-06T09:19:00Z,4437.15,4437.15,4436.67,4436.67,0.2
2026-09-06T09:20:00Z,4436.67,4436.67,4436.67,4436.67,0
2026-09-06T09:21:00Z,4436.67,4436.67,4436.67,4436.67,0
2026-09-06T09:22:00Z,4436.67,4436.67,4436.67,4436.67,0
2026-09-06T09:23:00Z,4437.04,4437.04,4437.04,4437.04,0.0376
2026-09-06T09:24:00Z,4437.04,4437.04,4437.04,4437.04,0
2026-09-06T09:25:00Z,4436.04,4436.04,4436.02,4436.02,0.1831
2026-09-06T09:26:00Z,4436.02,4436.02,4436.02,4436.02,0
2026-09-06T09:27:00Z,4436.02,4436.02,4436.02,4436.02,0
2026-09-06T09:28:00Z,4435.78,4437.39,4435.78,4435.85,21
2026-09-06T09:29:00Z,4435.85,4435.85,4435.85,4435.85,0
2026-09-06T09:30:00Z,4435.46,4435.46,4435.46,4435.46,1
2026-09-06T09:31:00Z,4435.46,4435.46,4435.46,4435.46,0
2026-09-06T09:32:00Z,4436.38,4436.38,4435.58,4435.58,10.0121
2026-09-06T09:33:00Z,4435.58,4435.58,4435.58,4435.58,0
2026-09-06T09:34:00Z,4435.86,4436.11,4435.86,4436.11,0.0064
2026-09-06T09:35:00Z,4436.11,4436.11,4436.11,4436.11,0.1804
2026-09-06T09:36:00Z,4436.11,4436.11,4435.97,4435.97,0.0219
2026-09-06T09:37:00Z,4435.97,4436.16,4435.4,4435.4,6.7485
2026-09-06T09:38:00Z,4435.4,4435.8,4435.4,4435.8,0.3155
2026-09-06T09:39:00Z,4435.8,4435.83,4435.8,4435.83,0.0045
2026-09-06T09:40:00Z,4435.83,4435.83,4435.83,4435.83,0.0045
2026-09-06T09:41:00Z,4435.83,4435.83,4435.83,4435.83,0.009
2026-09-06T09:42:00Z,4435.83,4436.03,4435.83,4436.03,0.1767
2026-09-06T09:43:00Z,4436.03,4436.03,4435.54,4435.54,0.0184
2026-09-06T09:44:00Z,4435.54,4435.54,4435.54,4435.54,0
2026-09-06T09:45:00Z,4435.54,4435.54,4435.54,4435.54,0
2026-09-06T09:46:00Z,4435.54,4435.54,4435.54,4435.54,0
2026-09-06T09:47:00Z,4435.54,4435.54,4435.54,4435.54,0
2026-09-06T09:48:00Z,4435.54,4435.54,4435.54,4435.54,0
2026-09-06T09:49:00Z,4435.54,4435.54,4435.54,4435.54,0
2026-09-06T09:50:00Z,4435.54,4435.54,4435.54,4435.54,0
2026-09-06T09:51:00Z,4435.74,4435.9,4435.48,4435.48,4
2026-09-06T09:52:00Z,4435.48,4436.35,4435.48,4436.35,3
2026-09-06T09:53:00Z,4436.35,4436.35,4436.12,4436.12,0.0011
2026-09-06T09:54:00Z,4436.12,4436.12,4435.22,4435.22,6.000000000000002
2026-09-06T09:55:00Z,4435.22,4435.78,4435.22,4435.78,0.0044
2026-09-06T09:56:00Z,4435.78,4435.78,4435.78,4435.78,0
2026-09-06T09:57:00Z,4435.78,4435.78,4435.78,4435.78,0
2026-09-06T09:58:00Z,4435.78,4435.78,4435.78,4435.78,0
2026-09-06T09:59:00Z,4435.78,4435.78,4435.78,4435.78,0
2026-09-06T10:00:00Z,4435.6,4435.6,4434.89,4434.89,15.0562
2026-09-06T10:01:00Z,4434.89,4434.89,4434.44,4434.84,5.9487000000000005
2026-09-06T10:02:00Z,4434.84,4434.89,4434.72,4434.72,1.1627
2026-09-06T10:03:00Z,4434.72,4434.94,4434.72,4434.94,0.0849
2026-09-06T10:04:00Z,4434.94,4435.67,4434.82,4435.67,0.5814
2026-09-06T10:05:00Z,4435.67,4435.8,4435.6,4435.6,0.2603
2026-09-06T10:06:00Z,4435.6,4435.6,4435.14,4435.59,0.4861
2026-09-06T10:07:00Z,4435.59,4435.59,4435.59,4435.59,0
2026-09-06T10:08:00Z,4435.6,4435.8,4435.29,4435.77,2.1790000000000003
2026-09-06T10:09:00Z,4435.77,4435.77,4435.77,4435.77,0
2026-09-06T10:10:00Z,4435.77,4435.77,4435.77,4435.77,0
2026-09-06T10:11:00Z,4435.77,4435.77,4435.77,4435.77,0
2026-09-06T10:12:00Z,4435.77,4435.77,4435.77,4435.77,0
2026-09-06T10:13:00Z,4435.77,4435.77,4435.77,4435.77,0
2026-09-06T10:14:00Z,4435.35,4435.35,4435.1,4435.1,1
2026-09-06T10:15:00Z,4435.1,4435.48,4435.1,4435.48,0.0095
2026-09-06T10:16:00Z,4435.48,4435.48,4435.05,4435.13,1.0194
2026-09-06T10:17:00Z,4435.13,4435.42,4435.12,4435.12,0.6092
2026-09-06T10:18:00Z,4435.12,4435.12,4435.12,4435.12,0
2026-09-06T10:19:00Z,4435.12,4435.12,4435.12,4435.12,0
2026-09-06T10:20:00Z,4435.51,4435.51,4435.3,4435.48,0.2694
2026-09-06T10:21:00Z,4435.48,4435.51,4435.32,4435.51,1.2555
2026-09-06T10:22:00Z,4435.51,4435.51,4435.51,4435.51,0
2026-09-06T10:23:00Z,4435.59,4435.59,4435.59,4435.59,0.009
2026-09-06T10:24:00Z,4435.59,4435.59,4435.59,4435.59,0
2026-09-06T10:25:00Z,4435.37,4435.37,4435.35,4435.35,0.4476
2026-09-06T10:26:00Z,4435.35,4435.41,4435.27,4435.41,1.0019
2026-09-06T10:27:00Z,4435.41,4435.41,4434.71,4434.71,9.695
2026-09-06T10:28:00Z,4434.71,4434.71,4434.71,4434.71,0
2026-09-06T10:29:00Z,4434.71,4434.71,4434.71,4434.71,0
2026-09-06T10:30:00Z,4434.8,4434.8,4434.8,4434.8,0.0019
2026-09-06T10:31:00Z,4434.8,4434.8,4434.44,4434.44,0.0043
2026-09-06T10:32:00Z,4434.44,4434.44,4434.44,4434.44,0
2026-09-06T10:33:00Z,4434.65,4435.09,4434.65,4435.09,0.883
2026-09-06T10:34:00Z,4435.09,4435.09,4435.09,4435.09,0
2026-09-06T10:35:00Z,4435.09,4435.09,4435.09,4435.09,0
2026-09-06T10:36:00Z,4435.09,4435.09,4435.09,4435.09,0
2026-09-06T10:37:00Z,4435.09,4435.09,4435.09,4435.09,0
2026-09-06T10:38:00Z,4435.09,4435.09,4435.09,4435.09,0
2026-09-06T10:39:00Z,4435.09,4435.09,4435.09,4435.09,0
2026-09-06T10:40:00Z,4435.09,4435.09,4435.09,4435.09,0
2026-09-06T10:41:00Z,4435.09,4435.09,4435.09,4435.09,0
2026-09-06T10:42:00Z,4435.09,4435.09,4435.09,4435.09,0
2026-09-06T10:43:00Z,4435.09,4435.09,4435.09,4435.09,0
2026-09-06T10:44:00Z,4435.09,4435.09,4435.09,4435.09,0
2026-09-06T10:45:00Z,4434.74,4434.74,4434.46,4434.46,0.766
2026-09-06T10:46:00Z,4434.46,4434.46,4434.46,4434.46,0
2026-09-06T10:47:00Z,4434.46,4434.46,4434.46,4434.46,0
2026-09-06T10:48:00Z,4434.34,4434.88,4434.34,4434.88,0.8283
2026-09-06T10:49:00Z,4434.88,4434.88,4434.88,4434.88,0
2026-09-06T10:50:00Z,4434.74,4434.74,4434.74,4434.74,0.0019
2026-09-06T10:51:00Z,4434.74,4434.74,4434.74,4434.74,0
2026-09-06T10:52:00Z,4434.74,4434.74,4434.74,4434.74,0
2026-09-06T10:53:00Z,4434.74,4434.74,4434.74,4434.74,0
2026-09-06T10:54:00Z,4434.48,4434.48,4434.48,4434.48,0.0019
2026-09-06T10:55:00Z,4434.48,4434.52,4434.48,4434.52,0.0477
2026-09-06T10:56:00Z,4434.52,4434.72,4434.36,4434.72,0.2797
2026-09-06T10:57:00Z,4434.72,4435.03,4434.72,4435.03,2.5378
2026-09-06T10:58:00Z,4435.03,4435.03,4434.94,4434.94,0.0043
2026-09-06T10:59:00Z,4434.94,4434.94,4434.94,4434.94,0
2026-09-06T11:00:00Z,4435.48,4435.97,4435.45,4435.46,4.07
2026-09-06T11:01:00Z,4435.46,4435.67,4435.46,4435.67,0.1804
2026-09-06T11:02:00Z,4435.67,4435.83,4435.61,4435.61,0.21900000000000003
2026-09-06T11:03:00Z,4435.61,4435.7,4435.61,4435.69,0.6419
2026-09-06T11:04:00Z,4435.69,4435.72,4435.69,4435.72,0.169
2026-09-06T11:05:00Z,4435.72,4435.72,4435.72,4435.72,0
2026-09-06T11:06:00Z,4435.72,4435.72,4435.72,4435.72,0
2026-09-06T11:07:00Z,4435.72,4435.72,4435.72,4435.72,0
2026-09-06T11:08:00Z,4435.72,4435.72,4435.72,4435.72,0
2026-09-06T11:09:00Z,4435.72,4435.72,4435.72,4435.72,0
2026-09-06T11:10:00Z,4435.64,4435.64,4435.59,4435.59,0.0168
2026-09-06T11:11:00Z,4435.59,4435.59,4435.59,4435.59,0
2026-09-06T11:12:00Z,4435.83,4436.44,4435.83,4436.44,0.2147
2026-09-06T11:13:00Z,4436.44,4436.44,4436.44,4436.44,0
2026-09-06T11:14:00Z,4436.44,4436.44,4436.44,4436.44,0
2026-09-06T11:15:00Z,4436.44,4436.44,4436.44,4436.44,0
2026-09-06T11:16:00Z,4435.52,4435.52,4435.52,4435.52,0.1
2026-09-06T11:17:00Z,4435.52,4435.52,4435.52,4435.52,0.1
2026-09-06T11:18:00Z,4435.52,4435.52,4435.52,4435.52,0
2026-09-06T11:19:00Z,4435.52,4435.52,4435.52,4435.52,0
2026-09-06T11:20:00Z,4435.52,4435.52,4435.52,4435.52,0
2026-09-06T11:21:00Z,4435.3,4435.3,4434.31,4434.31,8.011899999999999
2026-09-06T11:22:00Z,4434.31,4435.21,4434.31,4435.21,0.1804
2026-09-06T11:23:00Z,4435.21,4435.21,4435.19,4435.19,0.1691
2026-09-06T11:24:00Z,4435.19,4435.19,4435.19,4435.19,0
2026-09-06T11:25:00Z,4435.31,4435.31,4435.31,4435.31,0.0219
2026-09-06T11:26:00Z,4435.31,4435.34,4435.31,4435.34,0.0119
2026-09-06T11:27:00Z,4435.34,4435.34,4435.34,4435.34,0
2026-09-06T11:28:00Z,4435.34,4435.34,4435.34,4435.34,0
2026-09-06T11:29:00Z,4435.34,4435.34,4435.34,4435.34,0
2026-09-06T11:30:00Z,4433.83,4433.84,4433.83,4433.84,1.0096
2026-09-06T11:31:00Z,4433.84,4433.84,4433.84,4433.84,0
2026-09-06T11:32:00Z,4433.84,4433.84,4433.84,4433.84,0
2026-09-06T11:33:00Z,4433.84,4433.84,4433.84,4433.84,0
2026-09-06T11:34:00Z,4433.84,4433.84,4433.84,4433.84,0
2026-09-06T11:35:00Z,4433.84,4433.84,4433.84,4433.84,0
2026-09-06T11:36:00Z,4433.84,4433.84,4433.84,4433.84,0
2026-09-06T11:37:00Z,4435.03,4435.03,4435.03,4435.03,0.0878
2026-09-06T11:38:00Z,4435.03,4435.03,4435.03,4435.03,0
2026-09-06T11:39:00Z,4435.03,4435.03,4435.03,4435.03,0
2026-09-06T11:40:00Z,4435.03,4435.03,4435.03,4435.03,0
2026-09-06T11:41:00Z,4435.03,4435.03,4435.03,4435.03,0
2026-09-06T11:42:00Z,4435.03,4435.03,4435.03,4435.03,0
2026-09-06T11:43:00Z,4435.03,4435.03,4435.03,4435.03,0
2026-09-06T11:44:00Z,4434.8,4434.8,4434.67,4434.67,0.2703
2026-09-06T11:45:00Z,4434.67,4434.68,4434.67,4434.68,0.0019
2026-09-06T11:46:00Z,4434.68,4434.74,4434.68,4434.74,0.0152
2026-09-06T11:47:00Z,4434.74,4435.03,4434.74,4435.03,0.0013
2026-09-06T11:48:00Z,4435.03,4435.03,4435.03,4435.03,0
2026-09-06T11:49:00Z,4435.03,4435.03,4435.03,4435.03,0
2026-09-06T11:50:00Z,4435.03,4435.03,4435.03,4435.03,0
2026-09-06T11:51:00Z,4435.03,4435.03,4435.03,4435.03,0
2026-09-06T11:52:00Z,4434.99,4434.99,4434.93,4434.95,1.215
2026-09-06T11:53:00Z,4434.95,4435.07,4434.75,4434.75,2
2026-09-06T11:54:00Z,4434.75,4435.33,4434.75,4435.33,0.0019
2026-09-06T11:55:00Z,4435.33,4435.33,4434.97,4434.97,2.0166
2026-09-06T11:56:00Z,4434.97,4434.97,4434.97,4434.97,0
2026-09-06T11:57:00Z,4434.97,4434.97,4434.97,4434.97,0
2026-09-06T11:58:00Z,4434.97,4434.97,4434.97,4434.97,0
2026-09-06T11:59:00Z,4434.97,4434.97,4434.97,4434.97,0
2026-09-06T12:00:00Z,4434.97,4434.97,4434.97,4434.97,0
2026-09-06T12:01:00Z,4434.97,4434.97,4434.97,4434.97,0
2026-09-06T12:02:00Z,4434.97,4434.97,4434.97,4434.97,0
2026-09-06T12:03:00Z,4434.88,4435.33,4434.8,4435.33,1.036
2026-09-06T12:04:00Z,4435.33,4435.33,4434.91,4435.17,2.0677
2026-09-06T12:05:00Z,4435.17,4435.31,4434.47,4434.48,3.035
2026-09-06T12:06:00Z,4434.48,4435.1,4434.48,4434.85,2.9448
2026-09-06T12:07:00Z,4434.85,4435.16,4434.52,4434.95,1.916
2026-09-06T12:08:00Z,4434.95,4435.31,4434.6,4435,2.0327
2026-09-06T12:09:00Z,4435,4435.13,4434.47,4434.91,3.4182
2026-09-06T12:10:00Z,4434.91,4435.22,4434.52,4434.8,5.7732
2026-09-06T12:11:00Z,4434.8,4435.38,4434.75,4434.99,2.4031
2026-09-06T12:12:00Z,4434.99,4435.31,4434.5,4434.71,1.9346
2026-09-06T12:13:00Z,4434.71,4434.82,4434.45,4434.58,1.1475
2026-09-06T12:14:00Z,4434.58,4434.99,4434.43,4434.47,1.0817
2026-09-06T12:15:00Z,4434.47,4434.74,4434.41,4434.71,0.7893
2026-09-06T12:16:00Z,4434.71,4435.04,4434.25,4434.99,0.9709
2026-09-06T12:17:00Z,4434.99,4434.99,4433.87,4434.49,1.5773
2026-09-06T12:18:00Z,4434.49,4434.78,4434.22,4434.77,0.9952
2026-09-06T12:19:00Z,4434.77,4434.77,4434.19,4434.52,0.8802
2026-09-06T12:20:00Z,4434.52,4434.52,4433.82,4434.35,3.0077
2026-09-06T12:21:00Z,4434.35,4434.48,4434.05,4434.09,1.0848
2026-09-06T12:22:00Z,4434.09,4434.43,4433.43,4433.84,3.2407999999999997
2026-09-06T12:23:00Z,4433.84,4433.94,4433.07,4433.38,2.0848
2026-09-06T12:24:00Z,4433.38,4433.76,4433.38,4433.76,1.432
2026-09-06T12:25:00Z,4433.76,4433.76,4433.25,4433.47,2.4351
2026-09-06T12:26:00Z,4433.47,4434.06,4433.27,4434.06,1.0396
2026-09-06T12:27:00Z,4434.06,4434.08,4433.48,4433.63,2.491
2026-09-06T12:28:00Z,4433.63,4434.2,4433.52,4433.67,1.9613999999999998
2026-09-06T12:29:00Z,4433.67,4434.01,4433.31,4433.77,1.0396
2026-09-06T12:30:00Z,4433.77,4433.89,4433.6,4433.6,1.0622
2026-09-06T12:31:00Z,4433.6,4434.18,4433.26,4433.78,2.5392
2026-09-06T12:32:00Z,4433.78,4434.11,4433.32,4433.66,0.904
2026-09-06T12:33:00Z,4433.66,4434.29,4433.66,4434.25,1.7998
2026-09-06T12:34:00Z,4434.25,4434.37,4433.92,4434.31,1.1526
2026-09-06T12:35:00Z,4434.31,4434.33,4434,4434.04,1.0622
2026-09-06T12:36:00Z,4434.04,4434.27,4433.44,4433.76,2.0396
2026-09-06T12:37:00Z,4433.76,4434.07,4433.52,4433.92,0.9944
2026-09-06T12:38:00Z,4433.92,4433.92,4433.41,4433.48,0.904
2026-09-06T12:39:00Z,4433.48,4433.5,4432.73,4433.29,3.4771
2026-09-06T12:40:00Z,4433.29,4433.76,4432.98,4433.27,2.9386
2026-09-06T12:41:00Z,4433.27,4433.55,4432.88,4433.39,2.3933
2026-09-06T12:42:00Z,4433.39,4433.39,4432.72,4433.06,1.0622
2026-09-06T12:43:00Z,4433.06,4433.06,4432.73,4432.76,0.9946
2026-09-06T12:44:00Z,4432.76,4432.88,4432.22,4432.65,0.9494
2026-09-06T12:45:00Z,4432.65,4433.22,4432.22,4433.21,1.4848
2026-09-06T12:46:00Z,4433.21,4433.21,4432.66,4432.78,2.0396
2026-09-06T12:47:00Z,4432.78,4433.4,4432.78,4433.39,0.8814
2026-09-06T12:48:00Z,4433.39,4433.41,4432.84,4433.26,1.0396
2026-09-06T12:49:00Z,4433.26,4433.75,4432.81,4433.38,6.005999999999999
2026-09-06T12:50:00Z,4433.38,4433.68,4433.19,4433.55,1.0622
2026-09-06T12:51:00Z,4433.55,4433.68,4433.2,4433.67,0.7232
2026-09-06T12:52:00Z,4433.67,4433.68,4433.23,4433.36,1.1526
2026-09-06T12:53:00Z,4433.36,4433.57,4432.95,4433.17,2.0622
2026-09-06T12:54:00Z,4433.17,4433.45,4432.85,4433.39,1.0557
2026-09-06T12:55:00Z,4433.39,4433.39,4432.73,4433.22,2.5488
2026-09-06T12:56:00Z,4433.22,4433.22,4432.63,4432.63,0.9492
2026-09-06T12:57:00Z,4432.63,4433.03,4432.57,4432.92,1.3076
2026-09-06T12:58:00Z,4432.92,4433.07,4432.46,4432.61,1.1718
2026-09-06T12:59:00Z,4432.61,4432.62,4431.41,4432.22,0.972
2026-09-06T13:00:00Z,4432.22,4432.22,4431.09,4431.19,2.0848
2026-09-06T13:01:00Z,4431.19,4431.89,4431.19,4431.83,0.8242
2026-09-06T13:02:00Z,4431.83,4431.84,4431.28,4431.57,3.3762999999999996
2026-09-06T13:03:00Z,4431.57,4432.05,4431.36,4431.44,2.0461
2026-09-06T13:04:00Z,4431.44,4432.37,4431.44,4431.96,1.2021
2026-09-06T13:05:00Z,4431.96,4432.14,4431.61,4432.13,1.0011
2026-09-06T13:06:00Z,4432.13,4432.59,4431.75,4432.59,1.0622
2026-09-06T13:07:00Z,4432.59,4432.72,4432.15,4432.71,0.9309000000000001
2026-09-06T13:08:00Z,4432.71,4433.19,4432.18,4432.89,1.9722
2026-09-06T13:09:00Z,4432.89,4433.96,4432.89,4433.96,1.0396
2026-09-06T13:10:00Z,4433.96,4434.05,4432.62,4433.12,2.0314
2026-09-06T13:11:00Z,4433.12,4433.22,4432.82,4433.2,2.0236
2026-09-06T13:12:00Z,4433.2,4433.22,4432.97,4433.19,0.859
2026-09-06T13:13:00Z,4433.19,4433.26,4432.65,4432.9,2.068
2026-09-06T13:14:00Z,4432.9,4433.14,4432.34,4432.61,1.007
2026-09-06T13:15:00Z,4432.61,4432.61,4431.75,4432.09,0.8712
2026-09-06T13:16:00Z,4432.09,4432.46,4431.61,4432.45,1.017
2026-09-06T13:17:00Z,4432.45,4432.45,4431.78,4431.98,1.0909
2026-09-06T13:18:00Z,4431.98,4432.24,4431.69,4432,0.8588
2026-09-06T13:19:00Z,4432,4432.18,4431.45,4431.79,1.0398
2026-09-06T13:20:00Z,4431.79,4432.02,4431.67,4431.99,0.9946
2026-09-06T13:21:00Z,4431.99,4432.22,4431.58,4431.88,0.8603
2026-09-06T13:22:00Z,4431.88,4432.21,4431.79,4431.9,1.0666
2026-09-06T13:23:00Z,4431.9,4432.11,4431.9,4431.9,0.999
2026-09-06T13:24:00Z,4431.9,4432.44,4431.61,4432.17,1.9718
2026-09-06T13:25:00Z,4432.17,4432.7,4432.17,4432.69,0.9308
2026-09-06T13:26:00Z,4432.69,4432.81,4432.38,4432.74,1.1343
2026-09-06T13:27:00Z,4432.74,4432.75,4432.44,4432.44,1.1028
2026-09-06T13:28:00Z,4432.44,4432.8,4432.42,4432.47,1.0394
2026-09-06T13:29:00Z,4432.47,4432.78,4432.45,4432.77,1.0622
2026-09-06T13:30:00Z,4432.77,4432.78,4431.89,4432.05,2.0848
2026-09-06T13:31:00Z,4432.05,4432.38,4431.84,4432,4.3467
2026-09-06T13:32:00Z,4432,4432.25,4431.8,4432.18,0.9652999999999999
2026-09-06T13:33:00Z,4432.18,4432.76,4431.73,4432.67,1.5688
2026-09-06T13:34:00Z,4432.67,4432.67,4431.85,4431.86,1.0892
2026-09-06T13:35:00Z,4431.86,4432.18,4431.85,4431.86,0.7684
2026-09-06T13:36:00Z,4431.86,4432.17,4431.85,4431.86,1.0848
2026-09-06T13:37:00Z,4431.86,4432.56,4431.85,4432.08,1.0396
2026-09-06T13:38:00Z,4432.08,4432.38,4431.78,4432.17,1.1074
2026-09-06T13:39:00Z,4432.17,4432.3,4431.81,4432.28,0.8611
2026-09-06T13:40:00Z,4432.28,4432.42,4432.02,4432.42,1.3135999999999999
2026-09-06T13:41:00Z,4432.42,4433.69,4432.39,4433.62,0.9861
2026-09-06T13:42:00Z,4433.62,4433.73,4433.3,4433.43,0.9551
2026-09-06T13:43:00Z,4433.43,4433.78,4432.92,4432.92,0.9944000000000001
2026-09-06T13:44:00Z,4432.92,4433.38,4432.58,4432.98,1.0178
2026-09-06T13:45:00Z,4432.98,4433.2,4432.85,4432.86,0.9944
2026-09-06T13:46:00Z,4432.86,4433.34,4432.85,4433.17,1.1526
2026-09-06T13:47:00Z,4433.17,4433.2,4432.86,4432.86,0.9266
2026-09-06T13:48:00Z,4432.86,4433.17,4432.5,4432.92,3.9904
2026-09-06T13:49:00Z,4432.92,4433.3,4432.51,4433.01,2.0974
2026-09-06T13:50:00Z,4433.01,4433.34,4432.9,4433.13,1.2789
2026-09-06T13:51:00Z,4433.13,4433.8,4432.74,4432.91,8.9233
2026-09-06T13:52:00Z,4432.91,4433.32,4432.91,4433.28,1.9963
2026-09-06T13:53:00Z,4433.28,4433.29,4433.03,4433.29,0.0471
2026-09-06T13:54:00Z,4433.29,4433.29,4433.29,4433.29,0
2026-09-06T13:55:00Z,4432.98,4432.98,4432.98,4432.98,0.0043
2026-09-06T13:56:00Z,4432.98,4432.98,4432.98,4432.98,0
2026-09-06T13:57:00Z,4433.21,4433.29,4433.21,4433.29,0.0156
2026-09-06T13:58:00Z,4433.29,4433.29,4433.29,4433.29,0
2026-09-06T13:59:00Z,4432.87,4432.87,4432.72,4432.72,0.5299
2026-09-06T14:00:00Z,4432.72,4432.86,4432.7,4432.78,1.0236
2026-09-06T14:01:00Z,4432.78,4432.78,4432.78,4432.78,0.4707
2026-09-06T14:02:00Z,4432.78,4433.14,4432.61,4432.8,4.1076
2026-09-06T14:03:00Z,4432.8,4432.8,4432.06,4432.06,1
2026-09-06T14:04:00Z,4432.06,4432.67,4432.06,4432.2,0.1644
2026-09-06T14:05:00Z,4432.2,4432.67,4432.2,4432.67,0.0755
2026-09-06T14:06:00Z,4432.67,4432.67,4432.41,4432.41,0.005
2026-09-06T14:07:00Z,4432.41,4432.41,4432.41,4432.41,0
2026-09-06T14:08:00Z,4432.76,4433.52,4432.76,4433.18,0.9094
2026-09-06T14:09:00Z,4433.18,4433.87,4433.14,4433.49,1.1493
2026-09-06T14:10:00Z,4433.49,4433.74,4433.14,4433.16,1.0171
2026-09-06T14:11:00Z,4433.16,4433.63,4432.94,4433.34,1.8482
2026-09-06T14:12:00Z,4433.34,4433.39,4432.93,4432.93,1.5792
2026-09-06T14:13:00Z,4432.93,4433.38,4432.93,4433.02,1.0394
2026-09-06T14:14:00Z,4433.02,4433.2,4432.93,4433.15,1.378
2026-09-06T14:15:00Z,4433.15,4433.15,4432.8,4432.8,1.0392
2026-09-06T14:16:00Z,4432.8,4433.16,4432.8,4432.82,0.9052
2026-09-06T14:17:00Z,4432.82,4433.12,4432.09,4432.63,2.0848
2026-09-06T14:18:00Z,4432.63,4433.45,4432.11,4432.55,12.0571
2026-09-06T14:19:00Z,4432.55,4432.68,4432.45,4432.68,1.272
2026-09-06T14:20:00Z,4432.68,4432.97,4432.28,4432.41,1.7213
2026-09-06T14:21:00Z,4432.41,4432.6,4431.88,4432.05,2.0728
2026-09-06T14:22:00Z,4432.05,4432.35,4431.77,4432.15,1.0176
2026-09-06T14:23:00Z,4432.15,4432.24,4431.85,4432.02,1.017
2026-09-06T14:24:00Z,4432.02,4432.17,4431.71,4431.93,1.1729
2026-09-06T14:25:00Z,4431.93,4431.93,4431.65,4431.93,1.4464
2026-09-06T14:26:00Z,4431.93,4432.09,4431.69,4432.04,1.8283
2026-09-06T14:27:00Z,4432.04,4432.15,4431.84,4432.15,1.1485
2026-09-06T14:28:00Z,4432.15,4432.31,4431.94,4432.31,1.1955
2026-09-06T14:29:00Z,4432.31,4432.31,4432.31,4432.31,0
2026-09-06T14:30:00Z,4432.21,4432.21,4432.02,4432.02,0.0304
2026-09-06T14:31:00Z,4432.02,4432.02,4431.95,4431.98,0.0759
2026-09-06T14:32:00Z,4431.98,4431.98,4431.79,4431.79,0.3631
2026-09-06T14:33:00Z,4431.79,4431.79,4430.67,4431.21,2.6533
2026-09-06T14:34:00Z,4431.21,4431.63,4431.21,4431.63,0.3353
2026-09-06T14:35:00Z,4431.63,4431.87,4431.63,4431.87,0.1692
2026-09-06T14:36:00Z,4431.87,4432.44,4431.87,4432.43,2.0439
2026-09-06T14:37:00Z,4432.43,4432.43,4432.43,4432.43,0
2026-09-06T14:38:00Z,4432.57,4433.13,4432.57,4433.13,0.0809
2026-09-06T14:39:00Z,4433.13,4433.17,4432.89,4432.9,0.8769999999999999
2026-09-06T14:40:00Z,4432.9,4433.09,4432.89,4433.02,0.5245
2026-09-06T14:41:00Z,4433.02,4433.02,4432.9,4432.9,0.5073
2026-09-06T14:42:00Z,4432.9,4433.27,4432.9,4433.11,1.1629
2026-09-06T14:43:00Z,4433.11,4433.11,4433.09,4433.09,1.3381999999999998
2026-09-06T14:44:00Z,4433.09,4433.18,4433.09,4433.18,0.0563
2026-09-06T14:45:00Z,4433.18,4433.2,4433.18,4433.2,0.013
2026-09-06T14:46:00Z,4433.2,4434.14,4433.11,4433.11,3.0434
2026-09-06T14:47:00Z,4433.11,4433.99,4433.09,4433.99,0.5129
2026-09-06T14:48:00Z,4433.99,4433.99,4433.89,4433.89,0.1691
2026-09-06T14:49:00Z,4433.89,4433.89,4433.89,4433.89,0
2026-09-06T14:50:00Z,4433.89,4433.89,4433.89,4433.89,0
2026-09-06T14:51:00Z,4433.32,4433.32,4433.32,4433.32,0.0068
2026-09-06T14:52:00Z,4433.32,4433.91,4433.32,4433.91,2.999
2026-09-06T14:53:00Z,4433.91,4433.91,4433.91,4433.91,0
2026-09-06T14:54:00Z,4433.91,4433.91,4433.91,4433.91,0
2026-09-06T14:55:00Z,4433.91,4433.91,4433.91,4433.91,0
2026-09-06T14:56:00Z,4433.67,4433.67,4433.67,4433.67,0.0045
2026-09-06T14:57:00Z,4433.67,4433.67,4433.67,4433.67,0
2026-09-06T14:58:00Z,4433.67,4433.67,4433.67,4433.67,0
2026-09-06T14:59:00Z,4433.45,4433.79,4432.78,4432.78,4.2954
2026-09-06T15:00:00Z,4432.78,4433.37,4432.78,4432.81,0.1683
2026-09-06T15:01:00Z,4432.81,4432.91,4430.88,4431.33,4.1064
2026-09-06T15:02:00Z,4431.33,4431.33,4431.33,4431.33,0
2026-09-06T15:03:00Z,4431.3,4431.3,4431.3,4431.3,0.0131
2026-09-06T15:04:00Z,4431.3,4431.5,4431.3,4431.5,0.0385
2026-09-06T15:05:00Z,4431.5,4431.91,4431.5,4431.91,0.0043
2026-09-06T15:06:00Z,4431.91,4432.1,4431.78,4432.1,0.0174
2026-09-06T15:07:00Z,4432.1,4432.1,4432.1,4432.1,0
2026-09-06T15:08:00Z,4432.1,4432.1,4432.1,4432.1,0
2026-09-06T15:09:00Z,4431.78,4431.78,4431.58,4431.58,0.037
2026-09-06T15:10:00Z,4431.58,4431.58,4431.58,4431.58,0
2026-09-06T15:11:00Z,4432.49,4432.49,4432.23,4432.23,0.171
2026-09-06T15:12:00Z,4432.23,4432.73,4432.23,4432.73,0.0045
2026-09-06T15:13:00Z,4432.73,4432.73,4432.73,4432.73,0
2026-09-06T15:14:00Z,4432.87,4432.87,4432.87,4432.87,0.0045
2026-09-06T15:15:00Z,4432.87,4433.16,4432.72,4432.72,0.2621
2026-09-06T15:16:00Z,4432.72,4433.08,4432.72,4433,0.0976
2026-09-06T15:17:00Z,4433,4433.96,4433,4433.52,0.48059999999999997
2026-09-06T15:18:00Z,4433.52,4433.52,4433.52,4433.52,0
2026-09-06T15:19:00Z,4433.26,4433.28,4433.12,4433.12,1.0851
2026-09-06T15:20:00Z,4433.12,4433.12,4433.12,4433.12,0
2026-09-06T15:21:00Z,4432.97,4432.97,4432.97,4432.97,0.175
2026-09-06T15:22:00Z,4432.97,4433.1,4432.59,4432.65,2.916
2026-09-06T15:23:00Z,4432.65,4433.22,4432.65,4432.99,2.2331
2026-09-06T15:24:00Z,4432.99,4432.99,4432.54,4432.55,0.6586
2026-09-06T15:25:00Z,4432.55,4432.56,4432.55,4432.56,0.342
2026-09-06T15:26:00Z,4432.56,4433,4432.56,4433,0.08
2026-09-06T15:27:00Z,4433,4433,4433,4433,0
2026-09-06T15:28:00Z,4432.56,4432.56,4432.56,4432.56,0.1691
2026-09-06T15:29:00Z,4432.56,4432.56,4432.32,4432.32,0.6066
2026-09-06T15:30:00Z,4432.32,4432.32,4432.22,4432.22,0.3384
2026-09-06T15:31:00Z,4432.22,4432.22,4431.97,4431.97,0.5314
2026-09-06T15:32:00Z,4431.97,4432.34,4431.83,4431.83,2.0657
2026-09-06T15:33:00Z,4431.83,4431.83,4431.59,4431.6,0.947
2026-09-06T15:34:00Z,4431.6,4432.13,4431.59,4431.6,3.0178
2026-09-06T15:35:00Z,4431.6,4431.91,4431.49,4431.74,1.6313
2026-09-06T15:36:00Z,4431.74,4431.74,4431.48,4431.59,1.0596
2026-09-06T15:37:00Z,4431.59,4431.92,4431.38,4431.38,1.7376
2026-09-06T15:38:00Z,4431.38,4433.06,4431.38,4432.19,3.9413
2026-09-06T15:39:00Z,4432.19,4433.03,4432.19,4432.49,2.3216
2026-09-06T15:40:00Z,4432.49,4432.49,4432.42,4432.42,0.2783
2026-09-06T15:41:00Z,4432.42,4432.42,4432.42,4432.42,0
2026-09-06T15:42:00Z,4432.42,4432.42,4432.42,4432.42,0
2026-09-06T15:43:00Z,4432.18,4432.18,4432.18,4432.18,0.273
2026-09-06T15:44:00Z,4432.18,4432.18,4432.18,4432.18,0
2026-09-06T15:45:00Z,4432.18,4432.18,4432.18,4432.18,0.389
2026-09-06T15:46:00Z,4432.18,4432.18,4432.18,4432.18,0
2026-09-06T15:47:00Z,4432.18,4432.18,4432.18,4432.18,0
2026-09-06T15:48:00Z,4432.18,4432.18,4432.18,4432.18,0
2026-09-06T15:49:00Z,4432.18,4432.18,4432.18,4432.18,0
2026-09-06T15:50:00Z,4433.43,4433.43,4433.43,4433.43,0.1781
2026-09-06T15:51:00Z,4433.43,4433.43,4433.22,4433.22,0.3382
2026-09-06T15:52:00Z,4433.22,4433.22,4432.1,4432.1,0.8913
2026-09-06T15:53:00Z,4432.1,4432.43,4432.05,4432.18,2.8095
2026-09-06T15:54:00Z,4432.18,4432.33,4431.61,4431.61,2.9533
2026-09-06T15:55:00Z,4431.61,4431.65,4431.61,4431.62,1.7485
2026-09-06T15:56:00Z,4431.62,4431.62,4431.23,4431.23,1.1825
2026-09-06T15:57:00Z,4431.23,4431.42,4431.23,4431.42,0.125
2026-09-06T15:58:00Z,4431.42,4431.43,4431.42,4431.43,0.009
2026-09-06T15:59:00Z,4431.43,4431.7,4431.43,4431.7,0.0082
2026-09-06T16:00:00Z,4431.7,4432.12,4431.7,4431.87,0.352
2026-09-06T16:01:00Z,4431.87,4431.87,4431.87,4431.87,0
2026-09-06T16:02:00Z,4431.87,4431.87,4431.87,4431.87,0
2026-09-06T16:03:00Z,4431.87,4431.87,4431.87,4431.87,0
2026-09-06T16:04:00Z,4431.87,4431.87,4431.87,4431.87,0
2026-09-06T16:05:00Z,4431.87,4431.87,4431.87,4431.87,0
2026-09-06T16:06:00Z,4432.17,4432.17,4432.17,4432.17,0.6346
2026-09-06T16:07:00Z,4432.17,4432.17,4432.1,4432.1,0.024
2026-09-06T16:08:00Z,4432.1,4432.1,4432.1,4432.1,0
2026-09-06T16:09:00Z,4432.1,4432.1,4432.1,4432.1,0
2026-09-06T16:10:00Z,4431.96,4432.02,4431.96,4432.02,0.022
2026-09-06T16:11:00Z,4432.02,4432.27,4431.96,4432.27,0.282
2026-09-06T16:12:00Z,4432.27,4432.27,4432.27,4432.27,0
2026-09-06T16:13:00Z,4432.27,4432.27,4432.27,4432.27,0
2026-09-06T16:14:00Z,4432.27,4432.27,4432.27,4432.27,0
2026-09-06T16:15:00Z,4432.27,4432.27,4432.27,4432.27,0
2026-09-06T16:16:00Z,4432.27,4432.27,4432.27,4432.27,0
2026-09-06T16:17:00Z,4432.27,4432.27,4432.27,4432.27,0
2026-09-06T16:18:00Z,4432.37,4432.48,4431.89,4431.89,0.5703
2026-09-06T16:19:00Z,4431.89,4432.03,4431.75,4431.75,0.1863
2026-09-06T16:20:00Z,4431.75,4431.79,4431.75,4431.78,0.025
2026-09-06T16:21:00Z,4431.78,4431.78,4431.78,4431.78,0
2026-09-06T16:22:00Z,4431.36,4431.47,4431.36,4431.47,0.5205
2026-09-06T16:23:00Z,4431.47,4432.15,4431.32,4431.41,0.2474
2026-09-06T16:24:00Z,4431.41,4431.41,4431.41,4431.41,0
2026-09-06T16:25:00Z,4431.41,4431.41,4431.41,4431.41,0
2026-09-06T16:26:00Z,4431.41,4431.41,4431.41,4431.41,0
2026-09-06T16:27:00Z,4431.4,4431.4,4431.4,4431.4,0.2198
2026-09-06T16:28:00Z,4431.4,4431.4,4431.4,4431.4,0
2026-09-06T16:29:00Z,4431.93,4431.93,4431.93,4431.93,0.0049
2026-09-06T16:30:00Z,4431.93,4432.02,4431.93,4432.02,0.1692
2026-09-06T16:31:00Z,4432.02,4432.02,4430.1,4430.1,1.173
2026-09-06T16:32:00Z,4430.1,4430.1,4430.1,4430.1,0
2026-09-06T16:33:00Z,4429.81,4429.83,4428.99,4429.71,2.0463999999999998
2026-09-06T16:34:00Z,4429.71,4430.8,4429.71,4430.25,1.2166
2026-09-06T16:35:00Z,4430.25,4430.25,4430.25,4430.25,0
2026-09-06T16:36:00Z,4430.25,4430.25,4430.25,4430.25,0
2026-09-06T16:37:00Z,4430.25,4430.25,4430.25,4430.25,0
2026-09-06T16:38:00Z,4430.25,4430.25,4430.25,4430.25,0
2026-09-06T16:39:00Z,4430.43,4430.43,4430.43,4430.43,0.012
2026-09-06T16:40:00Z,4430.43,4430.7,4430.43,4430.7,0.6196
2026-09-06T16:41:00Z,4430.7,4430.7,4430.7,4430.7,0
2026-09-06T16:42:00Z,4430.7,4430.7,4430.7,4430.7,0
2026-09-06T16:43:00Z,4430.31,4430.31,4430.31,4430.31,0.2
2026-09-06T16:44:00Z,4430.31,4430.32,4430.31,4430.32,0.18200000000000002
2026-09-06T16:45:00Z,4430.32,4430.81,4430.32,4430.81,0.0219
2026-09-06T16:46:00Z,4430.81,4430.81,4430.32,4430.33,0.2434
2026-09-06T16:47:00Z,4430.33,4430.72,4430.33,4430.72,0.9298
2026-09-06T16:48:00Z,4430.72,4430.72,4430.54,4430.54,0.2893
2026-09-06T16:49:00Z,4430.54,4430.94,4430.54,4430.94,0.6348
2026-09-06T16:50:00Z,4430.94,4430.94,4430.94,4430.94,0
2026-09-06T16:51:00Z,4431.28,4431.28,4430.87,4430.87,0.2022
2026-09-06T16:52:00Z,4430.87,4431.24,4430.87,4431.18,1.6486
2026-09-06T16:53:00Z,4431.18,4431.18,4431.18,4431.18,0
2026-09-06T16:54:00Z,4430.56,4432.02,4430.56,4431.18,20.8492
2026-09-06T16:55:00Z,4431.18,4431.18,4431.18,4431.18,0
2026-09-06T16:56:00Z,4431.39,4431.39,4431.11,4431.11,1.1501
2026-09-06T16:57:00Z,4431.11,4431.11,4430.98,4430.98,0.656
2026-09-06T16:58:00Z,4430.98,4430.98,4429.36,4430.2,1.0778
2026-09-06T16:59:00Z,4430.2,4430.24,4430.19,4430.23,1.8882
2026-09-06T17:00:00Z,4430.23,4430.45,4430.2,4430.45,0.5098
2026-09-06T17:01:00Z,4430.45,4430.45,4430.23,4430.45,0.0446
2026-09-06T17:02:00Z,4430.45,4430.45,4430.25,4430.25,0.266
2026-09-06T17:03:00Z,4430.25,4430.37,4430.05,4430.24,0.2173
2026-09-06T17:04:00Z,4430.24,4430.41,4429.28,4429.28,0.7292
2026-09-06T17:05:00Z,4429.28,4429.28,4428.58,4428.59,1.8361
2026-09-06T17:06:00Z,4428.59,4428.86,4428.59,4428.86,0.0221
2026-09-06T17:07:00Z,4428.86,4429.05,4428.86,4429.05,0.0417
2026-09-06T17:08:00Z,4429.05,4429.22,4429.05,4429.22,0.0019
2026-09-06T17:09:00Z,4429.22,4429.7,4429.22,4429.7,0.0002
2026-09-06T17:10:00Z,4429.7,4429.7,4429.23,4429.23,0.5064
2026-09-06T17:11:00Z,4429.23,4429.66,4429.16,4429.66,1.2308
2026-09-06T17:12:00Z,4429.66,4429.66,4429.66,4429.66,0
2026-09-06T17:13:00Z,4428.23,4428.23,4427.87,4427.87,0.4435
2026-09-06T17:14:00Z,4427.87,4427.87,4427.87,4427.87,0
2026-09-06T17:15:00Z,4427.42,4427.42,4427.42,4427.42,0.0219
2026-09-06T17:16:00Z,4427.42,4428.13,4427.42,4428.13,4.988
2026-09-06T17:17:00Z,4428.13,4428.13,4427.74,4427.79,0.7849
2026-09-06T17:18:00Z,4427.79,4428.07,4427.19,4427.19,1.1305
2026-09-06T17:19:00Z,4427.19,4427.19,4425.82,4425.82,0.2138
2026-09-06T17:20:00Z,4425.82,4425.82,4425.51,4425.51,0.0566
2026-09-06T17:21:00Z,4425.51,4425.51,4425.51,4425.51,0
2026-09-06T17:22:00Z,4425.41,4425.41,4425.41,4425.41,0.088
2026-09-06T17:23:00Z,4425.41,4425.98,4424.96,4425.06,5.0507
2026-09-06T17:24:00Z,4425.06,4425.06,4424.66,4424.66,0.168
2026-09-06T17:25:00Z,4424.66,4424.8,4423.21,4424.34,6.342700000000001
2026-09-06T17:26:00Z,4424.34,4424.34,4424.34,4424.34,0
2026-09-06T17:27:00Z,4424.28,4425.25,4424.05,4425.25,2.1296
2026-09-06T17:28:00Z,4425.25,4426.16,4425.04,4425.04,1.7767
2026-09-06T17:29:00Z,4425.04,4426.33,4425.04,4426.33,0.012
2026-09-06T17:30:00Z,4426.33,4426.6,4426.33,4426.41,1.9914999999999998
2026-09-06T17:31:00Z,4426.41,4426.41,4426.03,4426.03,0.1948
2026-09-06T17:32:00Z,4426.03,4426.3,4426.03,4426.11,0.2203
2026-09-06T17:33:00Z,4426.11,4426.2,4425.57,4425.63,4.686
2026-09-06T17:34:00Z,4425.63,4425.63,4425.55,4425.55,0.1558
2026-09-06T17:35:00Z,4425.55,4425.67,4425.19,4425.65,4.1694
2026-09-06T17:36:00Z,4425.65,4425.65,4425.08,4425.09,2.7091
2026-09-06T17:37:00Z,4425.09,4425.53,4425.09,4425.4,6.1893
2026-09-06T17:38:00Z,4425.4,4425.66,4425.4,4425.66,0.1914
2026-09-06T17:39:00Z,4425.66,4425.96,4425.66,4425.96,0.0044
2026-09-06T17:40:00Z,4425.96,4425.96,4425.96,4425.96,0.4133
2026-09-06T17:41:00Z,4425.96,4425.96,4425.96,4425.96,0
2026-09-06T17:42:00Z,4426.02,4426.02,4424.83,4424.92,0.6681
2026-09-06T17:43:00Z,4424.92,4424.92,4424.92,4424.92,0
2026-09-06T17:44:00Z,4424.92,4424.92,4424.92,4424.92,0
2026-09-06T17:45:00Z,4425.82,4426.16,4425.82,4426.16,1.0371
2026-09-06T17:46:00Z,4426.16,4426.16,4426.16,4426.16,0
2026-09-06T17:47:00Z,4426.16,4426.16,4426.16,4426.16,0.0132
2026-09-06T17:48:00Z,4426.16,4426.23,4425.9,4426.03,0.3748
2026-09-06T17:49:00Z,4426.03,4426.38,4426.03,4426.03,0.0468
2026-09-06T17:50:00Z,4426.03,4426.03,4426.03,4426.03,0.1784
2026-09-06T17:51:00Z,4426.03,4426.03,4426.03,4426.03,0.009
2026-09-06T17:52:00Z,4426.03,4426.03,4425.96,4425.96,0.3568
2026-09-06T17:53:00Z,4425.96,4426.2,4425.52,4425.69,0.9403
2026-09-06T17:54:00Z,4425.69,4425.73,4425.5,4425.73,0.6366
2026-09-06T17:55:00Z,4425.73,4425.73,4425.34,4425.34,0.5696
2026-09-06T17:56:00Z,4425.34,4425.34,4425.34,4425.34,0
2026-09-06T17:57:00Z,4426.03,4426.03,4426.03,4426.03,0.136
2026-09-06T17:58:00Z,4426.03,4426.56,4424.85,4425.07,1.7049
2026-09-06T17:59:00Z,4425.07,4425.07,4424.26,4424.47,2.3891
2026-09-06T18:00:00Z,4424.47,4424.47,4424.33,4424.33,0.5085
2026-09-06T18:01:00Z,4424.33,4424.33,4424.05,4424.05,0.5085
2026-09-06T18:02:00Z,4424.05,4424.16,4423.98,4423.98,0.3894
2026-09-06T18:03:00Z,4423.98,4428.04,4423.98,4428.04,3.5547
2026-09-06T18:04:00Z,4428.04,4428.07,4427.67,4427.81,5.226699999999999
2026-09-06T18:05:00Z,4427.81,4428.95,4427.81,4428.95,0.2167
2026-09-06T18:06:00Z,4428.95,4429.05,4428.95,4429.05,0.0318
2026-09-06T18:07:00Z,4429.05,4429.67,4428.79,4429.67,4.2603
2026-09-06T18:08:00Z,4429.67,4430.79,4429.67,4430.79,0.7877
2026-09-06T18:09:00Z,4430.79,4431.92,4430.79,4431.92,0.8406
2026-09-06T18:10:00Z,4431.92,4432.6,4431.92,4432.6,0.2372
2026-09-06T18:11:00Z,4432.6,4432.6,4432.6,4432.6,0
2026-09-06T18:12:00Z,4433.46,4434.02,4433.18,4434.02,7.3446
2026-09-06T18:13:00Z,4434.02,4434.9,4434.01,4434.81,15.2683
2026-09-06T18:14:00Z,4434.81,4434.92,4434.81,4434.92,0.0631
2026-09-06T18:15:00Z,4434.92,4434.92,4430.17,4430.17,14.402
2026-09-06T18:16:00Z,4430.17,4430.17,4430.12,4430.12,0.3384
2026-09-06T18:17:00Z,4430.12,4430.12,4429.9,4429.9,0.1776
2026-09-06T18:18:00Z,4429.9,4429.9,4429.62,4429.62,1.0899
2026-09-06T18:19:00Z,4429.62,4429.62,4428.32,4428.9,1.8536
2026-09-06T18:20:00Z,4428.9,4428.94,4428.41,4428.94,0.998
2026-09-06T18:21:00Z,4428.94,4428.94,4428.94,4428.94,0
2026-09-06T18:22:00Z,4428.94,4428.94,4428.94,4428.94,0
2026-09-06T18:23:00Z,4429.1,4429.1,4429.1,4429.1,1
2026-09-06T18:24:00Z,4429.1,4429.1,4429.1,4429.1,0.0137
2026-09-06T18:25:00Z,4429.1,4429.32,4429.1,4429.26,0.5349
2026-09-06T18:26:00Z,4429.26,4429.26,4429.26,4429.26,0
2026-09-06T18:27:00Z,4428.5,4428.5,4427.96,4428.12,0.8246
2026-09-06T18:28:00Z,4428.12,4428.23,4428.1,4428.23,0.3925
2026-09-06T18:29:00Z,4428.23,4428.83,4428.23,4428.83,2.7613
2026-09-06T18:30:00Z,4428.83,4430.05,4428.83,4429.47,9.8472
2026-09-06T18:31:00Z,4429.47,4429.58,4429.47,4429.58,0.1693
2026-09-06T18:32:00Z,4429.58,4429.58,4429.26,4429.41,0.8301
2026-09-06T18:33:00Z,4429.41,4429.41,4429.27,4429.4,0.0216
2026-09-06T18:34:00Z,4429.4,4429.4,4429.4,4429.4,0
2026-09-06T18:35:00Z,4429.4,4429.4,4429.4,4429.4,0
2026-09-06T18:36:00Z,4427.99,4428.13,4427.99,4428.13,0.3386
2026-09-06T18:37:00Z,4428.13,4428.13,4428.13,4428.13,0
2026-09-06T18:38:00Z,4428.07,4428.07,4428.07,4428.07,0.0019
2026-09-06T18:39:00Z,4428.07,4428.31,4428.07,4428.31,0.0061
2026-09-06T18:40:00Z,4428.31,4428.64,4428.31,4428.64,0.0178
2026-09-06T18:41:00Z,4428.64,4428.64,4428.64,4428.64,0
2026-09-06T18:42:00Z,4428.53,4428.67,4428.23,4428.23,0.3623
2026-09-06T18:43:00Z,4428.23,4428.6,4428.23,4428.6,0.0135
2026-09-06T18:44:00Z,4428.6,4428.6,4428.6,4428.6,0
2026-09-06T18:45:00Z,4428.6,4428.6,4428.16,4428.16,0.8735
2026-09-06T18:46:00Z,4428.16,4428.16,4426.73,4426.73,1.2842
2026-09-06T18:47:00Z,4426.73,4427.5,4426.73,4427.5,0.1694
2026-09-06T18:48:00Z,4427.5,4427.89,4425.61,4427.56,11.0463
2026-09-06T18:49:00Z,4427.56,4427.73,4427.07,4427.46,11.0111
2026-09-06T18:50:00Z,4427.46,4428.1,4427.21,4427.69,10.1129
2026-09-06T18:51:00Z,4427.69,4428.28,4427.24,4427.82,9.667
2026-09-06T18:52:00Z,4427.82,4428.67,4427.55,4427.73,13.0145
2026-09-06T18:53:00Z,4427.73,4428.39,4427.68,4427.96,12.194
2026-09-06T18:54:00Z,4427.96,4428.5,4427.56,4428.5,10.52
2026-09-06T18:55:00Z,4428.5,4428.5,4427.6,4428.09,11.9874
2026-09-06T18:56:00Z,4428.09,4428.62,4427.86,4428.09,10.07
2026-09-06T18:57:00Z,4428.09,4428.6,4427.9,4428.28,9.3129
2026-09-06T18:58:00Z,4428.28,4428.6,4425.52,4425.92,14.1305
2026-09-06T18:59:00Z,4425.92,4426.92,4425.65,4426.47,10.5782
2026-09-06T19:00:00Z,4426.47,4426.71,4425.44,4426.06,10.1171
2026-09-06T19:01:00Z,4426.06,4426.28,4425.53,4425.89,11.9396
2026-09-06T19:02:00Z,4425.89,4426.25,4425.44,4425.92,11.571200000000001
2026-09-06T19:03:00Z,4425.92,4426.99,4425.69,4426.72,22.8162
2026-09-06T19:04:00Z,4426.72,4426.82,4425.93,4426.44,11.4608
2026-09-06T19:05:00Z,4426.44,4427.73,4425.91,4427.37,9.8864
2026-09-06T19:06:00Z,4427.37,4428.5,4426.83,4427.95,11.021
2026-09-06T19:07:00Z,4427.95,4428.26,4427.2,4427.21,11.876900000000001
2026-09-06T19:08:00Z,4427.21,4427.75,4426.88,4426.98,9.793700000000001
2026-09-06T19:09:00Z,4426.98,4427.79,4426.54,4427.31,11.3841
2026-09-06T19:10:00Z,4427.31,4427.87,4426.98,4427.65,10.9766
2026-09-06T19:11:00Z,4427.65,4429.63,4427.05,4429.03,11.4564
2026-09-06T19:12:00Z,4429.03,4429.24,4427.79,4428.51,11.9655
2026-09-06T19:13:00Z,4428.51,4428.76,4428.24,4428.3,2.6576
2026-09-06T19:14:00Z,4428.3,4428.3,4427.85,4427.85,1.0054
2026-09-06T19:15:00Z,4427.85,4428.13,4427.85,4427.88,2.4994
2026-09-06T19:16:00Z,4427.88,4427.88,4427.88,4427.88,0.0483
2026-09-06T19:17:00Z,4427.88,4428.25,4427.88,4428.25,0.1105
2026-09-06T19:18:00Z,4428.25,4428.25,4427.89,4427.89,0.0056
2026-09-06T19:19:00Z,4427.89,4428.26,4427.89,4427.89,0.0326
2026-09-06T19:20:00Z,4427.89,4427.92,4427.89,4427.92,1.184
2026-09-06T19:21:00Z,4427.92,4427.92,4427.92,4427.92,0
2026-09-06T19:22:00Z,4427.92,4427.92,4427.92,4427.92,0.0077
2026-09-06T19:23:00Z,4427.92,4427.92,4427.84,4427.84,0.3137
2026-09-06T19:24:00Z,4427.84,4427.84,4427.47,4427.47,0.8612
2026-09-06T19:25:00Z,4427.47,4427.63,4427.45,4427.61,0.0711
2026-09-06T19:26:00Z,4427.61,4427.66,4427.51,4427.65,0.607
2026-09-06T19:27:00Z,4427.65,4427.69,4427.46,4427.69,0.0333
2026-09-06T19:28:00Z,4427.69,4427.69,4426.42,4426.42,2.3038
2026-09-06T19:29:00Z,4426.42,4426.42,4426.42,4426.42,0
2026-09-06T19:30:00Z,4426.42,4426.42,4426.42,4426.42,0
2026-09-06T19:31:00Z,4427.29,4427.29,4427.1,4427.1,0.018
2026-09-06T19:32:00Z,4427.1,4427.1,4426.95,4426.95,0.009
2026-09-06T19:33:00Z,4426.95,4426.95,4426.95,4426.95,0
2026-09-06T19:34:00Z,4426.95,4426.95,4426.95,4426.95,0
2026-09-06T19:35:00Z,4426.15,4426.15,4426.15,4426.15,0.0044
2026-09-06T19:36:00Z,4426.15,4426.15,4426.15,4426.15,0
2026-09-06T19:37:00Z,4426.15,4426.15,4426.15,4426.15,0
2026-09-06T19:38:00Z,4425.9,4425.9,4425.9,4425.9,0.0044
2026-09-06T19:39:00Z,4425.9,4425.9,4425.07,4425.07,0.5973
2026-09-06T19:40:00Z,4425.07,4425.09,4424.98,4424.98,0.7104
2026-09-06T19:41:00Z,4424.98,4425.38,4424.85,4425.38,0.2885
2026-09-06T19:42:00Z,4425.38,4425.38,4425.38,4425.38,0
2026-09-06T19:43:00Z,4425.38,4425.38,4425.38,4425.38,0
2026-09-06T19:44:00Z,4425.38,4425.38,4425.38,4425.38,0
2026-09-06T19:45:00Z,4425.38,4425.38,4425.38,4425.38,0
2026-09-06T19:46:00Z,4425.38,4425.38,4425.38,4425.38,0
2026-09-06T19:47:00Z,4425.9,4425.9,4425.9,4425.9,0.1694
2026-09-06T19:48:00Z,4425.9,4426.07,4425.9,4426.07,0.4516
2026-09-06T19:49:00Z,4426.07,4426.07,4426.07,4426.07,0
2026-09-06T19:50:00Z,4426.07,4426.07,4426.07,4426.07,0
2026-09-06T19:51:00Z,4425.76,4425.98,4425.59,4425.98,0.4487
2026-09-06T19:52:00Z,4425.98,4426.25,4425.98,4426.25,0.017
2026-09-06T19:53:00Z,4426.25,4426.25,4426.25,4426.25,0
2026-09-06T19:54:00Z,4426.18,4426.55,4426.17,4426.55,1.0056
2026-09-06T19:55:00Z,4426.55,4426.55,4426.17,4426.17,0.0139
2026-09-06T19:56:00Z,4426.17,4426.17,4426.17,4426.17,0
2026-09-06T19:57:00Z,4426.17,4426.17,4426.17,4426.17,0
2026-09-06T19:58:00Z,4426.17,4426.17,4426.17,4426.17,0
2026-09-06T19:59:00Z,4426.52,4426.85,4426.3,4426.73,0.0203
2026-09-06T20:00:00Z,4426.73,4426.73,4426.73,4426.73,0
2026-09-06T20:01:00Z,4427.27,4427.27,4427.12,4427.12,0.1102
2026-09-06T20:02:00Z,4427.12,4427.12,4427,4427,0.0019
2026-09-06T20:03:00Z,4427,4427,4427,4427,0.6322
2026-09-06T20:04:00Z,4427,4427,4427,4427,0
2026-09-06T20:05:00Z,4427,4427,4427,4427,0
2026-09-06T20:06:00Z,4426.81,4426.81,4426.81,4426.81,0.23709999999999998
2026-09-06T20:07:00Z,4426.81,4426.81,4426.28,4426.58,1.006
2026-09-06T20:08:00Z,4426.58,4426.58,4426.58,4426.58,0.3658
2026-09-06T20:09:00Z,4426.58,4426.58,4426.26,4426.26,0.3616
2026-09-06T20:10:00Z,4426.26,4426.55,4426.26,4426.27,1.1216
2026-09-06T20:11:00Z,4426.27,4428.59,4426.27,4428.51,1.8726
2026-09-06T20:12:00Z,4428.51,4428.57,4427.94,4428.26,1.5928
2026-09-06T20:13:00Z,4428.26,4428.56,4428.2,4428.2,1.094
2026-09-06T20:14:00Z,4428.2,4428.5,4427.95,4428.34,1.2114
2026-09-06T20:15:00Z,4428.34,4428.45,4426.15,4427.57,21.378199999999996
2026-09-06T20:16:00Z,4427.57,4428.06,4427.57,4427.95,2.771
2026-09-06T20:17:00Z,4427.95,4428.14,4427.66,4427.92,2.321
2026-09-06T20:18:00Z,4427.92,4428.55,4427.6,4428.53,1.6515
2026-09-06T20:19:00Z,4428.53,4428.73,4428.14,4428.72,3.0352
2026-09-06T20:20:00Z,4428.72,4428.77,4428.36,4428.44,1.5136
2026-09-06T20:21:00Z,4428.44,4428.95,4428.44,4428.95,1.4464
2026-09-06T20:22:00Z,4428.95,4429,4428.62,4428.62,1.5473000000000001
2026-09-06T20:23:00Z,4428.62,4428.99,4428.56,4428.96,1.9306
2026-09-06T20:24:00Z,4428.96,4429.41,4428.61,4429.31,1.3103
2026-09-06T20:25:00Z,4429.31,4429.49,4429.04,4429.05,1.1063
2026-09-06T20:26:00Z,4429.05,4429.35,4428.72,4428.79,1.2089
2026-09-06T20:27:00Z,4428.79,4429.44,4428.75,4428.9,1.0174
2026-09-06T20:28:00Z,4428.9,4429.43,4428.78,4429.3,1.4057
2026-09-06T20:29:00Z,4429.3,4429.3,4428.7,4429,1.186
2026-09-06T20:30:00Z,4429,4429.35,4426.18,4426.87,1.6838
2026-09-06T20:31:00Z,4426.87,4427.17,4426.6,4426.86,1.3558
2026-09-06T20:32:00Z,4426.86,4427.6,4426.86,4427.37,1.0396
2026-09-06T20:33:00Z,4427.37,4427.37,4426.7,4427.08,1.3995
2026-09-06T20:34:00Z,4427.08,4427.47,4426.75,4427.13,1.3108
2026-09-06T20:35:00Z,4427.13,4427.17,4426.89,4427.17,0.8362
2026-09-06T20:36:00Z,4427.17,4427.25,4426.89,4426.9,1.0622
2026-09-06T20:37:00Z,4426.9,4427.33,4426.89,4427.19,1.123
2026-09-06T20:38:00Z,4427.19,4427.19,4426.43,4426.8,1.2091
2026-09-06T20:39:00Z,4426.8,4426.98,4426.43,4426.59,1.0622
2026-09-06T20:40:00Z,4426.59,4427.05,4426.48,4426.61,1.017
2026-09-06T20:41:00Z,4426.61,4427.16,4426.23,4426.74,0.9737
2026-09-06T20:42:00Z,4426.74,4427.14,4426.63,4426.92,0.972
2026-09-06T20:43:00Z,4426.92,4426.92,4426.63,4426.8,1.1065
2026-09-06T20:44:00Z,4426.8,4426.8,4426.23,4426.53,1.0579
2026-09-06T20:45:00Z,4426.53,4427.02,4426.23,4427,0.9254
2026-09-06T20:46:00Z,4427,4427.8,4426.67,4427.45,11.091899999999999
2026-09-06T20:47:00Z,4427.45,4427.88,4427.18,4427.6,2.6411
2026-09-06T20:48:00Z,4427.6,4428.15,4427.41,4428.07,2.5906000000000002
2026-09-06T20:49:00Z,4428.07,4428.1,4427.23,4427.5,1.4459
2026-09-06T20:50:00Z,4427.5,4427.86,4427.5,4427.5,0.904
2026-09-06T20:51:00Z,4427.5,4428.22,4427.3,4427.38,2.8335
2026-09-06T20:52:00Z,4427.38,4428.03,4427.38,4427.56,0.855
2026-09-06T20:53:00Z,4427.56,4427.6,4427.56,4427.6,0.0698
2026-09-06T20:54:00Z,4427.6,4427.6,4427.6,4427.6,0
2026-09-06T20:55:00Z,4427.42,4427.42,4427.42,4427.42,0.3511
2026-09-06T20:56:00Z,4427.42,4427.42,4427.42,4427.42,0
2026-09-06T20:57:00Z,4427.08,4427.08,4427.08,4427.08,0.2481
2026-09-06T20:58:00Z,4427.08,4427.08,4426.92,4426.92,0.5922
2026-09-06T20:59:00Z,4426.92,4426.92,4426.82,4426.83,0.5942
2026-09-06T21:00:00Z,4426.83,4427.03,4426.83,4427.03,0.0934
2026-09-06T21:01:00Z,4427.03,4427.03,4427.03,4427.03,0
2026-09-06T21:02:00Z,4427.03,4427.03,4427.03,4427.03,0
2026-09-06T21:03:00Z,4427.8,4428.16,4427.8,4428.16,0.4438
2026-09-06T21:04:00Z,4428.16,4428.16,4428.16,4428.16,0
2026-09-06T21:05:00Z,4427.56,4427.56,4427.2,4427.2,0.07
2026-09-06T21:06:00Z,4427.2,4427.2,4427.2,4427.2,0
2026-09-06T21:07:00Z,4427.2,4427.2,4427.2,4427.2,0
2026-09-06T21:08:00Z,4427.2,4427.2,4427.2,4427.2,0
2026-09-06T21:09:00Z,4427.2,4427.2,4427.2,4427.2,0
2026-09-06T21:10:00Z,4427.2,4427.2,4427.2,4427.2,0
2026-09-06T21:11:00Z,4426.84,4426.84,4426.84,4426.84,0.1
2026-09-06T21:12:00Z,4426.84,4426.84,4426.8,4426.8,0.009
2026-09-06T21:13:00Z,4426.8,4426.8,4426.8,4426.8,0
2026-09-06T21:14:00Z,4426.8,4426.8,4426.8,4426.8,0
2026-09-06T21:15:00Z,4426.14,4426.14,4425.75,4425.96,0.6297999999999999
2026-09-06T21:16:00Z,4425.96,4426.02,4425.88,4425.88,0.3177
2026-09-06T21:17:00Z,4425.88,4426.78,4425.88,4426.78,0.0177
2026-09-06T21:18:00Z,4426.78,4429.77,4426.78,4429.77,0.3002
2026-09-06T21:19:00Z,4429.77,4430.41,4429.77,4430.3,1.0381
2026-09-06T21:20:00Z,4430.3,4431.63,4430.3,4431.52,0.015
2026-09-06T21:21:00Z,4431.52,4431.52,4431.31,4431.52,0.6188
2026-09-06T21:22:00Z,4431.52,4432.13,4431.51,4431.8,0.6016
2026-09-06T21:23:00Z,4431.8,4431.93,4431.8,4431.93,0.018
2026-09-06T21:24:00Z,4431.93,4431.93,4431.93,4431.93,0.009
2026-09-06T21:25:00Z,4431.93,4431.93,4431.93,4431.93,0.9787
2026-09-06T21:26:00Z,4431.93,4431.93,4431.93,4431.93,0.009
2026-09-06T21:27:00Z,4431.93,4431.93,4426.44,4428.42,4.4921
2026-09-06T21:28:00Z,4428.42,4429.94,4428.42,4429.39,2.646
2026-09-06T21:29:00Z,4429.39,4429.39,4429.39,4429.39,0.0767
2026-09-06T21:30:00Z,4429.39,4429.81,4427.87,4427.87,0.49429999999999996
2026-09-06T21:31:00Z,4427.87,4428.6,4426.5,4426.5,1.9465999999999999
2026-09-06T21:32:00Z,4426.5,4426.5,4425.39,4425.39,0.9483999999999999
2026-09-06T21:33:00Z,4425.39,4425.39,4425.1,4425.1,0.8452999999999999
2026-09-06T21:34:00Z,4425.1,4425.1,4425.1,4425.1,0
2026-09-06T21:35:00Z,4425.78,4425.78,4425.78,4425.78,0.0088
2026-09-06T21:36:00Z,4425.78,4425.78,4425.78,4425.78,0
2026-09-06T21:37:00Z,4426.23,4426.23,4426.23,4426.23,0.0044
2026-09-06T21:38:00Z,4426.23,4426.23,4425.97,4425.97,0.0096
2026-09-06T21:39:00Z,4425.97,4426.25,4425.97,4426.25,0.016399999999999998
2026-09-06T21:40:00Z,4426.25,4427.84,4426.25,4427.37,0.3531
2026-09-06T21:41:00Z,4427.37,4428.15,4427.36,4427.73,0.0263
2026-09-06T21:42:00Z,4427.73,4428.35,4427.73,4428.35,0.008
2026-09-06T21:43:00Z,4428.35,4428.35,4426.98,4426.98,2.753
2026-09-06T21:44:00Z,4426.98,4427.03,4426.98,4427.03,0.2304
2026-09-06T21:45:00Z,4427.03,4427.03,4427.03,4427.03,0
2026-09-06T21:46:00Z,4427.03,4427.03,4427.03,4427.03,0
2026-09-06T21:47:00Z,4425.04,4425.04,4425.04,4425.04,0.1806
2026-09-06T21:48:00Z,4425.04,4425.04,4425.04,4425.04,0
2026-09-06T21:49:00Z,4425.04,4425.04,4425.04,4425.04,0
2026-09-06T21:50:00Z,4425.04,4425.04,4425.04,4425.04,0
2026-09-06T21:51:00Z,4426.42,4426.42,4426.42,4426.42,0.6139
2026-09-06T21:52:00Z,4426.42,4426.42,4426.42,4426.42,0
2026-09-06T21:53:00Z,4426.6,4426.6,4426.6,4426.6,0.0011
2026-09-06T21:54:00Z,4426.6,4427.44,4426.6,4427.44,0.0043
2026-09-06T21:55:00Z,4427.44,4427.96,4427.44,4427.95,0.0652
2026-09-06T21:56:00Z,4427.95,4427.95,4426.88,4426.88,0.2123
2026-09-06T21:57:00Z,4426.88,4427.28,4426.63,4427.14,0.4415
2026-09-06T21:58:00Z,4427.14,4427.14,4426.88,4426.88,0.009
2026-09-06T21:59:00Z,4426.88,4426.88,4426.43,4426.69,0.6203000000000001
2026-09-06T22:00:00Z,4426.69,4431.06,4426.69,4426.71,5.8452
2026-09-06T22:01:00Z,4426.71,4426.71,4423.02,4423.7,2.5469
2026-09-06T22:02:00Z,4423.7,4423.7,4421.71,4421.81,5.2837
2026-09-06T22:03:00Z,4421.81,4424.83,4421.28,4424.83,4.0205
2026-09-06T22:04:00Z,4424.83,4425.42,4424.83,4425.32,2.2113
2026-09-06T22:05:00Z,4425.32,4427.45,4425.32,4427.45,3.7192
2026-09-06T22:06:00Z,4427.45,4427.45,4425.64,4426.06,18.8509
2026-09-06T22:07:00Z,4426.06,4426.37,4425.28,4425.83,16.1928
2026-09-06T22:08:00Z,4425.83,4428.79,4425.83,4427.74,6.7844
2026-09-06T22:09:00Z,4427.74,4428.78,4427.62,4428.52,13.7978
2026-09-06T22:10:00Z,4428.52,4428.52,4427.56,4427.59,4.4804
2026-09-06T22:11:00Z,4427.59,4429.32,4427.59,4429.22,6.7399
2026-09-06T22:12:00Z,4429.22,4431.4,4429.12,4431.4,4.3748000000000005
2026-09-06T22:13:00Z,4431.4,4432.17,4431.14,4431.41,35.336
2026-09-06T22:14:00Z,4431.41,4432.4,4431.39,4432.17,14.7116
2026-09-06T22:15:00Z,4432.17,4433.43,4432.14,4432.79,32.5993
2026-09-06T22:16:00Z,4432.79,4433.17,4432.56,4432.56,7.4635
2026-09-06T22:17:00Z,4432.56,4432.74,4430.66,4431.24,9.5829
2026-09-06T22:18:00Z,4431.24,4431.98,4430.85,4431.57,4.9313
2026-09-06T22:19:00Z,4431.57,4431.66,4431.52,4431.52,0.3428
2026-09-06T22:20:00Z,4431.52,4431.52,4430.62,4430.71,2.7492
2026-09-06T22:21:00Z,4430.71,4431.93,4430.71,4431.66,10.5444
2026-09-06T22:22:00Z,4431.66,4433.23,4431.33,4432.19,15.4883
2026-09-06T22:23:00Z,4432.19,4432.19,4431.1,4431.51,1.1585
2026-09-06T22:24:00Z,4431.51,4432.44,4431.5,4432.11,2.7292
2026-09-06T22:25:00Z,4432.11,4432.55,4430.48,4430.48,3.8284
2026-09-06T22:26:00Z,4430.48,4431.87,4430.48,4431.87,0.009
2026-09-06T22:27:00Z,4431.87,4431.9,4431.61,4431.61,1.2177
2026-09-06T22:28:00Z,4431.61,4433.24,4431.61,4433.01,7.431
2026-09-06T22:29:00Z,4433.01,4433.02,4431.97,4432.03,6.7367
2026-09-06T22:30:00Z,4432.03,4432.53,4431.18,4431.18,2.1505
2026-09-06T22:31:00Z,4431.18,4432.78,4431.18,4432.49,0.569
2026-09-06T22:32:00Z,4432.49,4433.47,4432.49,4433.2,5.2031
2026-09-06T22:33:00Z,4433.2,4433.24,4431.72,4432,22.8979
2026-09-06T22:34:00Z,4432,4432.15,4431.9,4432.15,1.0541
2026-09-06T22:35:00Z,4432.15,4432.69,4432.15,4432.3,5.1804
2026-09-06T22:36:00Z,4432.3,4432.3,4431.22,4431.37,2.084
2026-09-06T22:37:00Z,4431.37,4432.26,4431.37,4432.09,1.0911
2026-09-06T22:38:00Z,4432.09,4432.65,4432.09,4432.26,0.14420000000000002
2026-09-06T22:39:00Z,4432.26,4433.04,4432.26,4432.64,9.7623
2026-09-06T22:40:00Z,4432.64,4433.57,4432.64,4433.57,2.2896
2026-09-06T22:41:00Z,4433.57,4433.57,4432.9,4433.41,0.1862
2026-09-06T22:42:00Z,4433.41,4433.41,4433.16,4433.23,1.3141
2026-09-06T22:43:00Z,4433.23,4434.85,4433.13,4434,15.3968
2026-09-06T22:44:00Z,4434,4434.23,4434,4434.05,1.5062
2026-09-06T22:45:00Z,4434.05,4434.59,4433.87,4434.54,2.7031
2026-09-06T22:46:00Z,4434.54,4436.5,4434.54,4436.5,14.36
2026-09-06T22:47:00Z,4436.5,4436.5,4436.37,4436.42,1.0679
2026-09-06T22:48:00Z,4436.42,4436.53,4436.42,4436.53,0.0542
2026-09-06T22:49:00Z,4436.53,4438.01,4436.53,4438.01,0.0594
2026-09-06T22:50:00Z,4438.01,4438.01,4437.46,4437.46,0.009
2026-09-06T22:51:00Z,4437.46,4437.46,4435.75,4435.75,12.034
2026-09-06T22:52:00Z,4435.75,4435.75,4435.5,4435.5,4
2026-09-06T22:53:00Z,4435.5,4435.65,4434.83,4435.33,6
2026-09-06T22:54:00Z,4435.33,4435.66,4434.69,4435.66,1.4902
2026-09-06T22:55:00Z,4435.66,4435.66,4435.66,4435.66,0
2026-09-06T22:56:00Z,4434.76,4434.76,4434.38,4434.38,0.5683
2026-09-06T22:57:00Z,4434.38,4434.71,4433.84,4433.84,23.1444
2026-09-06T22:58:00Z,4433.84,4434.27,4433.05,4433.38,39.8193
2026-09-06T22:59:00Z,4433.38,4433.68,4432.62,4433.5,50.4709
2026-09-06T23:00:00Z,4433.5,4434.32,4433.02,4434.32,5.7583
2026-09-06T23:01:00Z,4434.32,4435.12,4433.61,4434.38,11.028899999999998
2026-09-06T23:02:00Z,4434.38,4434.38,4434.17,4434.33,7.468299999999999
2026-09-06T23:03:00Z,4434.33,4434.35,4433.9,4433.9,4.0488
2026-09-06T23:04:00Z,4433.9,4433.91,4433.64,4433.64,5.154599999999999
2026-09-06T23:05:00Z,4433.64,4433.64,4433.64,4433.64,0
2026-09-06T23:06:00Z,4433.64,4433.64,4433.64,4433.64,0
2026-09-06T23:07:00Z,4433.78,4434.19,4433.78,4434.19,5
2026-09-06T23:08:00Z,4434.19,4434.51,4434.19,4434.5,3.1568000000000005
2026-09-06T23:09:00Z,4434.5,4434.5,4434.5,4434.5,0
2026-09-06T23:10:00Z,4434.4,4434.4,4433.92,4433.93,9.6911
2026-09-06T23:11:00Z,4433.93,4433.97,4433.92,4433.92,0.2462
2026-09-06T23:12:00Z,4433.92,4433.92,4433.92,4433.92,0
2026-09-06T23:13:00Z,4433.45,4433.45,4433.25,4433.25,1
2026-09-06T23:14:00Z,4433.25,4433.5,4433.25,4433.5,0.2079
2026-09-06T23:15:00Z,4433.5,4433.5,4433.45,4433.45,1
2026-09-06T23:16:00Z,4433.45,4433.45,4433.45,4433.45,0
2026-09-06T23:17:00Z,4432.52,4432.52,4432.52,4432.52,0.4133
2026-09-06T23:18:00Z,4432.52,4433.2,4432.52,4433.2,7
2026-09-06T23:19:00Z,4433.2,4433.2,4431.76,4431.76,6.105700000000001
2026-09-06T23:20:00Z,4431.76,4432.63,4431.76,4432.53,0.0137
2026-09-06T23:21:00Z,4432.53,4432.53,4432.53,4432.53,0
2026-09-06T23:22:00Z,4430.71,4431.17,4430.71,4430.74,1.4569
2026-09-06T23:23:00Z,4430.74,4431.61,4430.63,4430.63,4.0003
2026-09-06T23:24:00Z,4430.63,4430.63,4429.36,4429.36,4.051900000000001
2026-09-06T23:25:00Z,4429.36,4430.35,4429.34,4429.39,8.729199999999999
2026-09-06T23:26:00Z,4429.39,4429.39,4429.39,4429.39,0
2026-09-06T23:27:00Z,4430.61,4430.9,4430.61,4430.9,0.1353
2026-09-06T23:28:00Z,4430.9,4430.9,4429.56,4429.56,4.6705
2026-09-06T23:29:00Z,4429.56,4430.93,4429.56,4430.93,2.4568
2026-09-06T23:30:00Z,4430.93,4430.93,4428.84,4428.84,5.4791
2026-09-06T23:31:00Z,4428.84,4430.34,4428.84,4430.34,0.418
2026-09-06T23:32:00Z,4430.34,4431.79,4430.34,4431.79,0.4053
2026-09-06T23:33:00Z,4431.79,4431.79,4431.79,4431.79,0
2026-09-06T23:34:00Z,4431.88,4432.1,4431.64,4431.64,4
2026-09-06T23:35:00Z,4431.64,4431.64,4431.64,4431.64,0
2026-09-06T23:36:00Z,4433.56,4433.57,4432.02,4432.11,4.4753
2026-09-06T23:37:00Z,4432.11,4432.11,4431.43,4431.43,1.039
2026-09-06T23:38:00Z,4431.43,4431.43,4431.43,4431.43,0
2026-09-06T23:39:00Z,4431.6,4431.6,4430.52,4430.52,2
2026-09-06T23:40:00Z,4430.52,4430.52,4429.35,4429.35,2
2026-09-06T23:41:00Z,4429.35,4429.4,4429.03,4429.03,1.009
2026-09-06T23:42:00Z,4429.03,4429.03,4429.03,4429.03,0
2026-09-06T23:43:00Z,4432.7,4432.7,4432.7,4432.7,0.1
2026-09-06T23:44:00Z,4432.7,4432.7,4431.5,4431.5,1.0204
2026-09-06T23:45:00Z,4431.5,4437.52,4431.5,4435.62,12.6588
2026-09-06T23:46:00Z,4435.62,4435.62,4432.18,4432.18,7
2026-09-06T23:47:00Z,4432.18,4433.21,4432.18,4432.54,0.1796
2026-09-06T23:48:00Z,4432.54,4432.86,4432.54,4432.64,0.2417
2026-09-06T23:49:00Z,4432.64,4433.24,4432.64,4433.1,1
2026-09-06T23:50:00Z,4433.1,4433.1,4431.25,4431.29,1.0517
2026-09-06T23:51:00Z,4431.29,4431.29,4428.71,4428.72,4.0702
2026-09-06T23:52:00Z,4428.72,4428.72,4426.49,4427.77,10.9841
2026-09-06T23:53:00Z,4427.77,4428.83,4427.75,4428.12,8.0275
2026-09-06T23:54:00Z,4428.12,4428.12,4427.48,4427.99,4.7873
2026-09-06T23:55:00Z,4427.99,4428.41,4426.99,4427.28,10.8131
2026-09-06T23:56:00Z,4427.28,4427.28,4425.59,4425.59,6.932499999999999
2026-09-06T23:57:00Z,4425.59,4425.59,4424.87,4425.13,4.6717
2026-09-06T23:58:00Z,4425.13,4425.89,4425.13,4425.82,0.5266
2026-09-06T23:59:00Z,4425.82,4427.74,4425.82,4427.18,0.1449
2026-09-07T00:00:00Z,4427.18,4428.26,4426.67,4427.45,3.4091
2026-09-07T00:01:00Z,4427.45,4429.18,4427.45,4428.68,1.1807
2026-09-07T00:02:00Z,4428.68,4429.61,4427.18,4427.18,5.09
2026-09-07T00:03:00Z,4427.18,4427.18,4426.94,4426.94,0.07
2026-09-07T00:04:00Z,4426.94,4426.94,4426.94,4426.94,0
2026-09-07T00:05:00Z,4426.12,4428.04,4425.92,4428.04,5.557
2026-09-07T00:06:00Z,4428.04,4428.69,4427.73,4427.82,1.3124
2026-09-07T00:07:00Z,4427.82,4428.15,4426.77,4426.77,0.7146
2026-09-07T00:08:00Z,4426.77,4426.77,4425.38,4425.38,1.12
2026-09-07T00:09:00Z,4425.38,4425.38,4425.28,4425.33,0.0516
2026-09-07T00:10:00Z,4425.33,4425.52,4424.83,4424.83,0.0113
2026-09-07T00:11:00Z,4424.83,4430.05,4424.83,4430.05,1.7439
2026-09-07T00:12:00Z,4430.05,4430.08,4428.86,4429.31,6.2874
2026-09-07T00:13:00Z,4429.31,4429.31,4428.47,4429.25,8.5
2026-09-07T00:14:00Z,4429.25,4429.25,4426.82,4428.36,4.5967
2026-09-07T00:15:00Z,4428.36,4431.84,4427.52,4430.24,2.3263
2026-09-07T00:16:00Z,4430.24,4431.31,4430,4430.5,6.1894
2026-09-07T00:17:00Z,4430.5,4432.34,4429.81,4431.91,2.6868
2026-09-07T00:18:00Z,4431.91,4431.91,4429.86,4429.86,2.1909
2026-09-07T00:19:00Z,4429.86,4429.86,4428.72,4429.41,5.1451
2026-09-07T00:20:00Z,4429.41,4430.97,4429.41,4429.95,1.0207
2026-09-07T00:21:00Z,4429.95,4430.38,4429.49,4429.49,0.2144
2026-09-07T00:22:00Z,4429.49,4429.49,4428.06,4429.41,4.3869
2026-09-07T00:23:00Z,4429.41,4430.11,4429.41,4429.41,9.0451
2026-09-07T00:24:00Z,4429.41,4429.96,4428.47,4429.96,1.009
2026-09-07T00:25:00Z,4429.96,4429.96,4428.39,4429.13,1.6256
2026-09-07T00:26:00Z,4429.13,4429.13,4428.14,4428.65,4.4601
2026-09-07T00:27:00Z,4428.65,4429.74,4428.65,4429.74,0.0451
2026-09-07T00:28:00Z,4429.74,4429.74,4426.94,4426.94,5.7985
2026-09-07T00:29:00Z,4426.94,4428.04,4426.5,4426.51,7.018
2026-09-07T00:30:00Z,4426.51,4426.51,4423.09,4423.92,3.0679
2026-09-07T00:31:00Z,4423.92,4424.68,4423.92,4424.68,0.009
2026-09-07T00:32:00Z,4424.68,4424.78,4423.37,4423.5,0.5516
2026-09-07T00:33:00Z,4423.5,4426.04,4422.41,4424.84,13.3004
2026-09-07T00:34:00Z,4424.84,4425.55,4422.61,4422.84,20.6815
2026-09-07T00:35:00Z,4422.84,4422.84,4422.66,4422.66,0.0023
2026-09-07T00:36:00Z,4422.66,4423.94,4422.43,4423.14,10.2102
2026-09-07T00:37:00Z,4423.14,4423.46,4422.28,4422.8,1.6148
2026-09-07T00:38:00Z,4422.8,4426.14,4422.54,4426.14,3.48
2026-09-07T00:39:00Z,4426.14,4427.2,4425.11,4425.65,7.4415
2026-09-07T00:40:00Z,4425.65,4426.02,4425.65,4426.02,1.0024
2026-09-07T00:41:00Z,4426.02,4426.02,4425.56,4425.78,0.1
2026-09-07T00:42:00Z,4425.78,4427.89,4425.78,4427.89,3.1
2026-09-07T00:43:00Z,4427.89,4427.89,4426.6,4427.49,3.151
2026-09-07T00:44:00Z,4427.49,4427.75,4426.6,4427.75,0.1176
2026-09-07T00:45:00Z,4427.75,4429.21,4427.75,4429.19,1.12
2026-09-07T00:46:00Z,4429.19,4429.32,4428.44,4429.32,3.296
2026-09-07T00:47:00Z,4429.32,4430.3,4429.32,4430.3,0.3979
2026-09-07T00:48:00Z,4430.3,4433.18,4430.3,4432.28,12.2472
2026-09-07T00:49:00Z,4432.28,4432.28,4430.97,4430.97,1.0451
2026-09-07T00:50:00Z,4430.97,4430.97,4426.57,4427.92,10.1063
2026-09-07T00:51:00Z,4427.92,4427.92,4427.53,4427.53,0.044
2026-09-07T00:52:00Z,4427.53,4427.83,4427.5,4427.74,3.0396
2026-09-07T00:53:00Z,4427.74,4427.74,4426.11,4426.89,0.229
2026-09-07T00:54:00Z,4426.89,4426.89,4425.82,4425.82,0.0003
2026-09-07T00:55:00Z,4425.82,4425.82,4425.82,4425.82,0
2026-09-07T00:56:00Z,4423.85,4423.93,4421.67,4421.93,9.02
2026-09-07T00:57:00Z,4421.93,4421.93,4417.27,4418.56,5.304
2026-09-07T00:58:00Z,4418.56,4418.56,4414.08,4416.71,8.0849
2026-09-07T00:59:00Z,4416.71,4418.64,4416.38,4417.32,2.8516
2026-09-07T01:00:00Z,4417.32,4417.32,4410.45,4414.63,9.9916
2026-09-07T01:01:00Z,4414.63,4416.58,4414.15,4416.58,2.4711000000000003
2026-09-07T01:02:00Z,4416.58,4419.07,4416.58,4417.13,5.0632
2026-09-07T01:03:00Z,4417.13,4418.11,4413.54,4414.27,2.4371
2026-09-07T01:04:00Z,4414.27,4415.45,4414.27,4415.22,0.047
2026-09-07T01:05:00Z,4415.22,4416.08,4413.78,4413.78,0.1987
2026-09-07T01:06:00Z,4413.78,4413.78,4410.28,4411.99,3.0652
2026-09-07T01:07:00Z,4411.99,4411.99,4407,4409.89,8.5379
2026-09-07T01:08:00Z,4409.89,4410.62,4408.47,4410.62,0.5596
2026-09-07T01:09:00Z,4410.62,4410.62,4405.63,4407.31,13.8413
2026-09-07T01:10:00Z,4407.31,4409.78,4406.84,4409.49,4.1929
2026-09-07T01:11:00Z,4409.49,4410.56,4405.82,4405.82,36.2564
2026-09-07T01:12:00Z,4405.82,4405.82,4403.22,4403.31,63.7552
2026-09-07T01:13:00Z,4403.31,4403.76,4399.81,4400.29,14.3479
2026-09-07T01:14:00Z,4400.29,4404.52,4399.78,4403.09,8.8967
2026-09-07T01:15:00Z,4403.09,4404.05,4400.18,4400.89,16.6549
2026-09-07T01:16:00Z,4400.89,4401.27,4400.5,4401.27,5.5059
2026-09-07T01:17:00Z,4401.27,4401.27,4398.01,4399.54,6.155
2026-09-07T01:18:00Z,4399.54,4399.54,4395.28,4397.49,10.0892
2026-09-07T01:19:00Z,4397.49,4399.1,4395.28,4397.8,5.3123
2026-09-07T01:20:00Z,4397.8,4397.8,4396.33,4396.33,8.0941
2026-09-07T01:21:00Z,4396.33,4397.94,4393.43,4397.25,6.7533
2026-09-07T01:22:00Z,4397.25,4397.91,4396.43,4397.91,3
2026-09-07T01:23:00Z,4397.91,4400.58,4397.91,4399.5,2.1025
2026-09-07T01:24:00Z,4399.5,4400.18,4399.26,4400.18,1.0144
2026-09-07T01:25:00Z,4400.18,4401.32,4398.46,4398.46,1.0375999999999999
2026-09-07T01:26:00Z,4398.46,4402.91,4398.38,4402.73,8.8737
2026-09-07T01:27:00Z,4402.73,4406.04,4402.58,4405.65,4.5574
2026-09-07T01:28:00Z,4405.65,4407.12,4405.41,4406.58,14.900400000000001
2026-09-07T01:29:00Z,4406.58,4407.27,4406.15,4407.27,0.4806
2026-09-07T01:30:00Z,4407.27,4408.26,4406.84,4408.05,4.8922
2026-09-07T01:31:00Z,4408.05,4411.09,4408.05,4410.05,3.1284
2026-09-07T01:32:00Z,4410.05,4410.47,4410.05,4410.43,0.2447
2026-09-07T01:33:00Z,4410.43,4414.95,4410.43,4412.73,7.1324
2026-09-07T01:34:00Z,4412.73,4413.29,4412.32,4412.52,3.0341
2026-09-07T01:35:00Z,4412.52,4413.16,4411.54,4411.54,2.0467
2026-09-07T01:36:00Z,4411.54,4412.66,4410.58,4412.49,4.9044
2026-09-07T01:37:00Z,4412.49,4413.7,4412.49,4412.72,1.3827
2026-09-07T01:38:00Z,4412.72,4413.98,4412.34,4413.98,4.0313
2026-09-07T01:39:00Z,4413.98,4416.3,4413.98,4415.8,1.326
2026-09-07T01:40:00Z,4415.8,4416.64,4413.87,4413.87,21.9411
2026-09-07T01:41:00Z,4413.87,4414.08,4413.26,4413.26,1.018
2026-09-07T01:42:00Z,4413.26,4414.12,4412.99,4414.12,2.5216
2026-09-07T01:43:00Z,4414.12,4414.37,4413.19,4413.31,5.2768
2026-09-07T01:44:00Z,4413.31,4413.35,4412.52,4413.35,0.109
2026-09-07T01:45:00Z,4413.35,4414.18,4413.35,4414.18,0.6679
2026-09-07T01:46:00Z,4414.18,4415.59,4413.79,4415.59,6.8329
2026-09-07T01:47:00Z,4415.59,4416.94,4415.16,4415.3,5.5312
2026-09-07T01:48:00Z,4415.3,4415.3,4414.47,4415.28,2.1738
2026-09-07T01:49:00Z,4415.28,4415.28,4413.35,4413.41,0.6292
2026-09-07T01:50:00Z,4413.41,4414.8,4412.87,4413.91,10.793
2026-09-07T01:51:00Z,4413.91,4414.98,4413.69,4414.98,10.8621
2026-09-07T01:52:00Z,4414.98,4420.22,4414.98,4417.81,8.215
2026-09-07T01:53:00Z,4417.81,4418.86,4417.63,4418.67,9.4055
2026-09-07T01:54:00Z,4418.67,4420.04,4418.38,4418.38,11.5997
2026-09-07T01:55:00Z,4418.38,4418.38,4417.54,4417.55,13.102899999999998
2026-09-07T01:56:00Z,4417.55,4417.55,4416.11,4416.11,2.006
2026-09-07T01:57:00Z,4416.11,4416.51,4415.18,4416.01,6.8689
2026-09-07T01:58:00Z,4416.01,4416.01,4413.82,4415.03,7.310899999999999
2026-09-07T01:59:00Z,4415.03,4415.03,4412.31,4412.31,4.1684
2026-09-07T02:00:00Z,4412.31,4413.51,4412.31,4413.51,0.1554
2026-09-07T02:01:00Z,4413.51,4413.51,4409.81,4409.81,2.1526
2026-09-07T02:02:00Z,4409.81,4410.76,4409.81,4410.18,1.1636000000000002
2026-09-07T02:03:00Z,4410.18,4411.28,4409.52,4411.21,5.2184
2026-09-07T02:04:00Z,4411.21,4412.12,4410.41,4412.12,3.5402
2026-09-07T02:05:00Z,4412.12,4412.12,4410.29,4410.68,0.086
2026-09-07T02:06:00Z,4410.68,4410.97,4409.52,4409.52,0.163
2026-09-07T02:07:00Z,4409.52,4409.66,4408.67,4408.67,0.4045
2026-09-07T02:08:00Z,4408.67,4408.79,4407.89,4407.89,1.009
2026-09-07T02:09:00Z,4407.89,4408.38,4406.95,4408.35,4.4157
2026-09-07T02:10:00Z,4408.35,4408.35,4407.72,4407.72,0.009
2026-09-07T02:11:00Z,4407.72,4409.73,4407.72,4409.45,3.039
2026-09-07T02:12:00Z,4409.45,4409.45,4408.95,4409.16,3.009
2026-09-07T02:13:00Z,4409.16,4409.16,4407.56,4407.56,1.0044
2026-09-07T02:14:00Z,4407.56,4408.17,4407.28,4407.28,3.027
2026-09-07T02:15:00Z,4407.28,4407.78,4407.28,4407.59,1.009
2026-09-07T02:16:00Z,4407.59,4408.67,4407.59,4408.67,0.154
2026-09-07T02:17:00Z,4408.67,4410.02,4408.67,4410.02,2.0389
2026-09-07T02:18:00Z,4410.02,4410.37,4409.56,4410.37,2.0699
2026-09-07T02:19:00Z,4410.37,4410.37,4410.12,4410.18,0.018
2026-09-07T02:20:00Z,4410.18,4410.18,4410.18,4410.18,0
2026-09-07T02:21:00Z,4410.69,4410.69,4410.46,4410.46,3.289
2026-09-07T02:22:00Z,4410.46,4411.98,4410.46,4411.98,0.3847
2026-09-07T02:23:00Z,4411.98,4412.34,4411.98,4412.34,0.0289
2026-09-07T02:24:00Z,4412.34,4412.37,4412.34,4412.37,2
2026-09-07T02:25:00Z,4412.37,4412.59,4411.47,4411.47,0.0137
2026-09-07T02:26:00Z,4411.47,4413.12,4411.47,4413.12,5.0911
2026-09-07T02:27:00Z,4413.12,4413.12,4411.76,4411.76,0.009
2026-09-07T02:28:00Z,4411.76,4412.21,4410.03,4412.21,36.0361
2026-09-07T02:29:00Z,4412.21,4412.21,4412.21,4412.21,0
2026-09-07T02:30:00Z,4412.59,4415.74,4410.94,4414.97,5.6033
2026-09-07T02:31:00Z,4414.97,4417.31,4414.97,4415.83,0.6889
2026-09-07T02:32:00Z,4415.83,4416.62,4414.79,4414.79,4.0859
2026-09-07T02:33:00Z,4414.79,4416.78,4414.79,4416.78,0.164
2026-09-07T02:34:00Z,4416.78,4418.17,4416.68,4416.68,3.0811
2026-09-07T02:35:00Z,4416.68,4418.68,4416.68,4418.07,1.222
2026-09-07T02:36:00Z,4418.07,4418.07,4416.73,4417.01,5.5701
2026-09-07T02:37:00Z,4417.01,4421.82,4417.01,4421.27,9.3587
2026-09-07T02:38:00Z,4421.27,4421.27,4420.69,4420.73,1.3791
2026-09-07T02:39:00Z,4420.73,4422.35,4420.73,4422.35,1.0761
2026-09-07T02:40:00Z,4422.35,4422.35,4420.6,4420.75,2.059
2026-09-07T02:41:00Z,4420.75,4421.87,4420.73,4421.87,1.009
2026-09-07T02:42:00Z,4421.87,4421.87,4419.08,4419.08,4.3099
2026-09-07T02:43:00Z,4419.08,4419.08,4417.94,4419.04,0.1003
2026-09-07T02:44:00Z,4419.04,4419.04,4417.94,4418.14,2.0879999999999996
2026-09-07T02:45:00Z,4418.14,4419.07,4417.23,4417.74,11.924
2026-09-07T02:46:00Z,4417.74,4420.44,4417.74,4420.44,1.0871
2026-09-07T02:47:00Z,4420.44,4421.32,4420.39,4421.32,0.018
2026-09-07T02:48:00Z,4421.32,4421.46,4421.32,4421.46,2
2026-09-07T02:49:00Z,4421.46,4421.46,4419.72,4421.18,1.6016
2026-09-07T02:50:00Z,4421.18,4421.43,4420.38,4421.43,3.009
2026-09-07T02:51:00Z,4421.43,4421.43,4418.22,4418.83,3.009
2026-09-07T02:52:00Z,4418.83,4420.21,4418.83,4419.86,5.027
2026-09-07T02:53:00Z,4419.86,4419.86,4419.86,4419.86,0
2026-09-07T02:54:00Z,4417.92,4418.15,4417.92,4418.15,0.0769
2026-09-07T02:55:00Z,4418.15,4418.15,4417.07,4417.07,0.059
2026-09-07T02:56:00Z,4417.07,4417.07,4415.37,4415.77,1.1
2026-09-07T02:57:00Z,4415.77,4415.77,4414.83,4415.04,0.0627
2026-09-07T02:58:00Z,4415.04,4415.04,4412.12,4413.26,1.1757000000000002
2026-09-07T02:59:00Z,4413.26,4413.26,4412.28,4412.28,0.018
2026-09-07T03:00:00Z,4412.28,4412.51,4411.8,4412.51,0.1878
2026-09-07T03:01:00Z,4412.51,4412.51,4412.51,4412.51,0
2026-09-07T03:02:00Z,4411.34,4412.14,4411.1,4412.14,0.225
2026-09-07T03:03:00Z,4412.14,4412.14,4411.41,4412.01,0.036
2026-09-07T03:04:00Z,4412.01,4414.35,4412.01,4414.17,3.2855
2026-09-07T03:05:00Z,4414.17,4414.17,4412.36,4412.48,10.2194
2026-09-07T03:06:00Z,4412.48,4412.78,4410.19,4410.23,3.4972
2026-09-07T03:07:00Z,4410.23,4410.28,4410.03,4410.03,1.1314
2026-09-07T03:08:00Z,4410.03,4410.13,4409.05,4409.49,2.1023
2026-09-07T03:09:00Z,4409.49,4410.48,4409.49,4410.29,5.5933
2026-09-07T03:10:00Z,4410.29,4410.78,4409.97,4410.78,1.68
2026-09-07T03:11:00Z,4410.78,4411.26,4410.32,4411.09,0.643
2026-09-07T03:12:00Z,4411.09,4411.48,4411.09,4411.48,0.318
2026-09-07T03:13:00Z,4411.48,4412.2,4411.02,4412.12,1.4302
2026-09-07T03:14:00Z,4412.12,4412.2,4410.78,4411.35,2.2975
2026-09-07T03:15:00Z,4411.35,4411.94,4411.27,4411.53,3.509
2026-09-07T03:16:00Z,4411.53,4412.06,4410.86,4410.86,1.8489
2026-09-07T03:17:00Z,4410.86,4411.14,4410.55,4410.72,2.0895
2026-09-07T03:18:00Z,4410.72,4411.09,4408.34,4411.09,1.8009
2026-09-07T03:19:00Z,4411.09,4412.33,4410.76,4411.16,1.5869
2026-09-07T03:20:00Z,4411.16,4412.1,4410.69,4412.1,3.211
2026-09-07T03:21:00Z,4412.1,4412.76,4412.1,4412.23,1.1358
2026-09-07T03:22:00Z,4412.23,4413.6,4412.23,4412.64,10.9077
2026-09-07T03:23:00Z,4412.64,4413.6,4412.3,4412.83,10.2037
2026-09-07T03:24:00Z,4412.83,4413.31,4411.81,4412.55,4.3309
2026-09-07T03:25:00Z,4412.55,4413.06,4412.15,4412.86,0.3978
2026-09-07T03:26:00Z,4412.86,4413.08,4412.82,4413.08,0.2429
2026-09-07T03:27:00Z,4413.08,4413.14,4413.08,4413.14,0.0679
2026-09-07T03:28:00Z,4413.14,4413.14,4412.24,4412.24,0.0787
2026-09-07T03:29:00Z,4412.24,4412.73,4412.24,4412.73,0.009
2026-09-07T03:30:00Z,4412.73,4412.73,4411.46,4412.32,0.8686
2026-09-07T03:31:00Z,4412.32,4412.41,4410.17,4410.17,6.359
2026-09-07T03:32:00Z,4410.17,4410.94,4410.17,4410.94,0.009
2026-09-07T03:33:00Z,4410.94,4412.01,4410.88,4410.88,2.0315
2026-09-07T03:34:00Z,4410.88,4412.11,4410.88,4412.11,15.01
2026-09-07T03:35:00Z,4412.11,4412.11,4411.41,4411.7,4.3351
2026-09-07T03:36:00Z,4411.7,4411.7,4410.85,4411.14,0.1638
2026-09-07T03:37:00Z,4411.14,4411.33,4409.82,4409.82,1.3145
2026-09-07T03:38:00Z,4409.82,4409.82,4408.99,4408.99,0.2326
2026-09-07T03:39:00Z,4408.99,4409.18,4408.75,4409.18,0.029
2026-09-07T03:40:00Z,4409.18,4409.18,4409.18,4409.18,0
2026-09-07T03:41:00Z,4408.62,4408.62,4408.62,4408.62,0.0019
2026-09-07T03:42:00Z,4408.62,4408.92,4408.11,4408.11,1.0532
2026-09-07T03:43:00Z,4408.11,4408.11,4406.46,4406.68,1.0282
2026-09-07T03:44:00Z,4406.68,4407.34,4405.74,4405.74,3.444
2026-09-07T03:45:00Z,4405.74,4406.47,4405.74,4406.24,3.0398
2026-09-07T03:46:00Z,4406.24,4407.76,4406.24,4407.76,0.2827
2026-09-07T03:47:00Z,4407.76,4407.96,4407.76,4407.96,0.0426
2026-09-07T03:48:00Z,4407.96,4407.96,4407.84,4407.84,0.05
2026-09-07T03:49:00Z,4407.84,4407.84,4407.12,4407.32,0.1548
2026-09-07T03:50:00Z,4407.32,4407.32,4406.82,4406.93,2.2115
2026-09-07T03:51:00Z,4406.93,4406.93,4406.39,4406.6,0.02
2026-09-07T03:52:00Z,4406.6,4406.6,4406.46,4406.46,0.0532
2026-09-07T03:53:00Z,4406.46,4406.7,4405.35,4405.35,1.4499
2026-09-07T03:54:00Z,4405.35,4406.27,4405.35,4406.08,0.1298
2026-09-07T03:55:00Z,4406.08,4406.58,4406.08,4406.44,0.163
2026-09-07T03:56:00Z,4406.44,4406.44,4406.2,4406.32,2.1792
2026-09-07T03:57:00Z,4406.32,4406.42,4406.24,4406.24,0.077
2026-09-07T03:58:00Z,4406.24,4406.44,4406.24,4406.44,0.009
2026-09-07T03:59:00Z,4406.44,4407.42,4406.44,4407.42,5.038
2026-09-07T04:00:00Z,4407.42,4408.66,4407.42,4408.66,6.3727
2026-09-07T04:01:00Z,4408.66,4408.66,4405.37,4406.59,13.407899999999998
2026-09-07T04:02:00Z,4406.59,4407.9,4406.19,4407.9,1.451
2026-09-07T04:03:00Z,4407.9,4408.15,4406.4,4406.57,1.8026
2026-09-07T04:04:00Z,4406.57,4407.1,4405.57,4405.57,2.5227
2026-09-07T04:05:00Z,4405.57,4406.71,4405.48,4406.71,1.2379
2026-09-07T04:06:00Z,4406.71,4406.97,4406.71,4406.97,0.0044
2026-09-07T04:07:00Z,4406.97,4406.97,4405.96,4405.96,0.026
2026-09-07T04:08:00Z,4405.96,4407.29,4405.96,4407.12,0.0867
2026-09-07T04:09:00Z,4407.12,4408.62,4407.12,4408.62,0.1418
2026-09-07T04:10:00Z,4408.62,4409.03,4408.62,4408.72,3.0061999999999998
2026-09-07T04:11:00Z,4408.72,4409.55,4408.72,4409.55,0.0546
2026-09-07T04:12:00Z,4409.55,4410.94,4409.55,4410.3,4.028
2026-09-07T04:13:00Z,4410.3,4410.3,4409.73,4410.14,1.01
2026-09-07T04:14:00Z,4410.14,4410.3,4409.27,4410.3,1.164
2026-09-07T04:15:00Z,4410.3,4410.3,4409.64,4409.64,0.1446
2026-09-07T04:16:00Z,4409.64,4409.64,4408.52,4408.52,0.3264
2026-09-07T04:17:00Z,4408.52,4408.52,4407.34,4407.35,0.2149
2026-09-07T04:18:00Z,4407.35,4407.35,4406.75,4407.31,1.3213
2026-09-07T04:19:00Z,4407.31,4407.31,4407.31,4407.31,0
2026-09-07T04:20:00Z,4406.32,4406.32,4405.43,4405.68,7.1315
2026-09-07T04:21:00Z,4405.68,4405.86,4404.86,4405.09,1.99
2026-09-07T04:22:00Z,4405.09,4405.64,4403.75,4404.9,33.4104
2026-09-07T04:23:00Z,4404.9,4405.42,4404.78,4404.83,2.7759
2026-09-07T04:24:00Z,4404.83,4405.19,4404.83,4404.92,2.7484
2026-09-07T04:25:00Z,4404.92,4404.92,4404.92,4404.92,0
2026-09-07T04:26:00Z,4405,4405.04,4404.26,4405.04,0.8734
2026-09-07T04:27:00Z,4405.04,4406,4404.64,4406,0.249
2026-09-07T04:28:00Z,4406,4406,4405.5,4405.74,0.7026
2026-09-07T04:29:00Z,4405.74,4406.15,4405.74,4406.15,0.009
2026-09-07T04:30:00Z,4406.15,4406.15,4404.78,4405.19,1.4766
2026-09-07T04:31:00Z,4405.19,4405.35,4404.68,4404.94,0.8658
2026-09-07T04:32:00Z,4404.94,4404.94,4403.63,4403.63,0.463
2026-09-07T04:33:00Z,4403.63,4404.35,4403.4,4403.4,0.3993
2026-09-07T04:34:00Z,4403.4,4403.4,4401.76,4401.91,1.3705
2026-09-07T04:35:00Z,4401.91,4402.35,4401.11,4401.19,1.9992
2026-09-07T04:36:00Z,4401.19,4401.22,4400.44,4400.44,1.8294
2026-09-07T04:37:00Z,4400.44,4400.62,4399.4,4399.45,12.8459
2026-09-07T04:38:00Z,4399.45,4401.21,4399.45,4401.21,4.2045
2026-09-07T04:39:00Z,4401.21,4401.21,4398.35,4399.16,4.3378
2026-09-07T04:40:00Z,4399.16,4400.67,4398.46,4400.4,7.7499
2026-09-07T04:41:00Z,4400.4,4401.02,4399.85,4400.36,4.1061
2026-09-07T04:42:00Z,4400.36,4400.9,4400.36,4400.9,1.3928
2026-09-07T04:43:00Z,4400.9,4401.31,4400.9,4401.31,1
2026-09-07T04:44:00Z,4401.31,4401.31,4400.45,4400.8,1.1362
2026-09-07T04:45:00Z,4400.8,4401.13,4400.8,4400.98,0.0311
2026-09-07T04:46:00Z,4400.98,4400.98,4400.5,4400.5,0.3408
2026-09-07T04:47:00Z,4400.5,4401,4400.05,4400.05,0.0504
2026-09-07T04:48:00Z,4400.05,4402.56,4399.59,4400.05,90.4486
2026-09-07T04:49:00Z,4400.05,4400.05,4399.26,4399.26,6.509
2026-09-07T04:50:00Z,4399.26,4400.64,4399.26,4400.64,1.0942
2026-09-07T04:51:00Z,4400.64,4401.42,4400.64,4401.33,1
2026-09-07T04:52:00Z,4401.33,4401.33,4401.33,4401.33,0
2026-09-07T04:53:00Z,4400.69,4400.69,4399.95,4400.22,0.2448
2026-09-07T04:54:00Z,4400.22,4400.22,4399.68,4399.68,0.2256
2026-09-07T04:55:00Z,4399.68,4400.41,4399.68,4400.41,0.0097
2026-09-07T04:56:00Z,4400.41,4401.29,4400.28,4401.1,0.6938
2026-09-07T04:57:00Z,4401.1,4402.13,4401.04,4402.13,2.497
2026-09-07T04:58:00Z,4402.13,4402.27,4402.13,4402.27,0.1703
2026-09-07T04:59:00Z,4402.27,4402.63,4402.27,4402.63,0.1703
2026-09-07T05:00:00Z,4402.63,4402.63,4401.67,4401.67,1.3864
2026-09-07T05:01:00Z,4401.67,4402.37,4401.67,4402.25,1.7219
2026-09-07T05:02:00Z,4402.25,4404.13,4402.25,4402.45,4.5261
2026-09-07T05:03:00Z,4402.45,4403.26,4402.45,4403.26,3.018
2026-09-07T05:04:00Z,4403.26,4406.03,4403.26,4406.03,0.0198
2026-09-07T05:05:00Z,4406.03,4406.03,4406.03,4406.03,0
2026-09-07T05:06:00Z,4406.61,4407.25,4406.61,4407.22,6.587199999999999
2026-09-07T05:07:00Z,4407.22,4407.56,4406.75,4406.75,0.0451
2026-09-07T05:08:00Z,4406.75,4406.75,4405.44,4405.44,0.5884
2026-09-07T05:09:00Z,4405.44,4405.44,4404.32,4404.74,1.1686
2026-09-07T05:10:00Z,4404.74,4405.97,4404.55,4405.93,1.7475
2026-09-07T05:11:00Z,4405.93,4405.93,4403.31,4403.45,12.1187
2026-09-07T05:12:00Z,4403.45,4403.48,4403.45,4403.48,0.1055
2026-09-07T05:13:00Z,4403.48,4404.77,4403.48,4404.64,2.8664
2026-09-07T05:14:00Z,4404.64,4404.64,4404.64,4404.64,0
2026-09-07T05:15:00Z,4406.66,4407.04,4406.66,4406.87,0.0343
2026-09-07T05:16:00Z,4406.87,4407.01,4406.87,4407.01,0.009
2026-09-07T05:17:00Z,4407.01,4407.28,4407.01,4407.28,0.0278
2026-09-07T05:18:00Z,4407.28,4408.67,4407.28,4408.67,1.1413
2026-09-07T05:19:00Z,4408.67,4408.74,4408.67,4408.7,0.027
2026-09-07T05:20:00Z,4408.7,4408.78,4408.08,4408.08,3.009
2026-09-07T05:21:00Z,4408.08,4408.08,4407.68,4407.93,6
2026-09-07T05:22:00Z,4407.93,4407.93,4406.33,4406.56,8.3446
2026-09-07T05:23:00Z,4406.56,4406.65,4406.56,4406.6,0.4101
2026-09-07T05:24:00Z,4406.6,4408.93,4406.6,4408.93,3.8126
2026-09-07T05:25:00Z,4408.93,4410.41,4408.9,4410.15,1.5526
2026-09-07T05:26:00Z,4410.15,4410.28,4409.84,4410.28,4.1776
2026-09-07T05:27:00Z,4410.28,4412.12,4410.04,4412.12,0.0468
2026-09-07T05:28:00Z,4412.12,4413.1,4412.12,4413.1,0.0868
2026-09-07T05:29:00Z,4413.1,4415.16,4413.1,4415.16,4.9788
2026-09-07T05:30:00Z,4415.16,4415.16,4411.02,4414.42,2.259
2026-09-07T05:31:00Z,4414.42,4417.06,4414.38,4414.38,10.1228
2026-09-07T05:32:00Z,4414.38,4414.87,4411.92,4412.4,6.5624
2026-09-07T05:33:00Z,4412.4,4412.4,4409.25,4409.25,0.616
2026-09-07T05:34:00Z,4409.25,4412.81,4409.25,4412.15,4.4111
2026-09-07T05:35:00Z,4412.15,4413.97,4412.15,4413.49,5.1271
2026-09-07T05:36:00Z,4413.49,4414.02,4412.2,4412.37,6.1718
2026-09-07T05:37:00Z,4412.37,4412.48,4411.22,4411.22,2.5427
2026-09-07T05:38:00Z,4411.22,4411.22,4409.61,4409.73,4.0134
2026-09-07T05:39:00Z,4409.73,4409.73,4408.67,4409.57,1.02
2026-09-07T05:40:00Z,4409.57,4409.57,4406.43,4406.43,1.2878
2026-09-07T05:41:00Z,4406.43,4407.19,4405.11,4406.33,11.1138
2026-09-07T05:42:00Z,4406.33,4407.93,4406.33,4407.47,6.218600000000001
2026-09-07T05:43:00Z,4407.47,4408.11,4407.47,4408.11,2.4626
2026-09-07T05:44:00Z,4408.11,4408.11,4407.89,4407.89,0.05
2026-09-07T05:45:00Z,4407.89,4409.8,4407.89,4409.56,4.0397
2026-09-07T05:46:00Z,4409.56,4409.56,4407.27,4407.37,6.1225
2026-09-07T05:47:00Z,4407.37,4407.49,4406.3,4406.84,9.8982
2026-09-07T05:48:00Z,4406.84,4406.99,4406.84,4406.99,1
2026-09-07T05:49:00Z,4406.99,4406.99,4406.99,4406.99,0
2026-09-07T05:50:00Z,4406.77,4406.97,4402.52,4402.52,2.3072
2026-09-07T05:51:00Z,4402.52,4403.93,4402.07,4402.07,7.9759
2026-09-07T05:52:00Z,4402.07,4402.2,4401.8,4402.16,2.0443
2026-09-07T05:53:00Z,4402.16,4402.46,4401.07,4401.07,2.009
2026-09-07T05:54:00Z,4401.07,4401.07,4399.21,4400.29,5.063599999999999
2026-09-07T05:55:00Z,4400.29,4401.92,4399.8,4400.94,2.2148
2026-09-07T05:56:00Z,4400.94,4400.94,4397.81,4398.8,4.3407
2026-09-07T05:57:00Z,4398.8,4401.28,4398.8,4400.06,4.4555
2026-09-07T05:58:00Z,4400.06,4402.86,4400.06,4401.56,28.177299999999995
2026-09-07T05:59:00Z,4401.56,4401.56,4397.86,4397.86,16.4939
2026-09-07T06:00:00Z,4397.86,4398.6,4396.56,4396.56,3.5607
2026-09-07T06:01:00Z,4396.56,4396.56,4394.01,4394.83,11.0594
2026-09-07T06:02:00Z,4394.83,4396.24,4393.51,4396.24,3.8809
2026-09-07T06:03:00Z,4396.24,4396.45,4394.18,4394.18,6.1864
2026-09-07T06:04:00Z,4394.18,4395.2,4389.8,4391.29,18.2715
2026-09-07T06:05:00Z,4391.29,4391.69,4391.29,4391.69,2.84
2026-09-07T06:06:00Z,4391.69,4394.14,4391.43,4391.86,109.8421
2026-09-07T06:07:00Z,4391.86,4392.5,4389.94,4392.5,8.0839
2026-09-07T06:08:00Z,4392.5,4392.5,4390.62,4390.8,5.7777
2026-09-07T06:09:00Z,4390.8,4394.93,4390.8,4394.78,29.8733
2026-09-07T06:10:00Z,4394.78,4394.78,4393,4393.59,9.1462
2026-09-07T06:11:00Z,4393.59,4394.83,4392.32,4394.83,12.3941
2026-09-07T06:12:00Z,4394.83,4397.42,4394.83,4397.42,2.5315
2026-09-07T06:13:00Z,4397.42,4398.06,4396.73,4397.67,2.9908
2026-09-07T06:14:00Z,4397.67,4398.29,4396.89,4397.3,3.1408
2026-09-07T06:15:00Z,4397.3,4397.73,4397.3,4397.73,3.0671
2026-09-07T06:16:00Z,4397.73,4398.7,4397.73,4398.26,6.2436
2026-09-07T06:17:00Z,4398.26,4398.83,4397.93,4398.83,2.7537
2026-09-07T06:18:00Z,4398.83,4400.08,4398.81,4399.56,10.5093
2026-09-07T06:19:00Z,4399.56,4400.51,4398.86,4399.64,8.3018
2026-09-07T06:20:00Z,4399.64,4399.64,4396.87,4398.45,2.964
2026-09-07T06:21:00Z,4398.45,4398.53,4395.24,4396.16,1.5122
2026-09-07T06:22:00Z,4396.16,4398.05,4396.16,4398.05,0.852
2026-09-07T06:23:00Z,4398.05,4399.26,4398.05,4399.26,2.6253
2026-09-07T06:24:00Z,4399.26,4401.98,4399.26,4401.98,0.9765
2026-09-07T06:25:00Z,4401.98,4402.13,4400.97,4401.09,3.0203
2026-09-07T06:26:00Z,4401.09,4402.51,4401.09,4402.04,1.1206
2026-09-07T06:27:00Z,4402.04,4402.04,4402.04,4402.04,0
2026-09-07T06:28:00Z,4400.18,4400.18,4398.12,4399.08,2.5288
2026-09-07T06:29:00Z,4399.08,4399.08,4398.85,4399,2.1705
2026-09-07T06:30:00Z,4399,4399.42,4399,4399.15,0.0518
2026-09-07T06:31:00Z,4399.15,4399.59,4398.52,4398.57,6.1402
2026-09-07T06:32:00Z,4398.57,4400.06,4398.57,4399.63,5.0449
2026-09-07T06:33:00Z,4399.63,4401.05,4399.63,4401.05,2.3721
2026-09-07T06:34:00Z,4401.05,4402.31,4401.05,4402.31,2.361
2026-09-07T06:35:00Z,4402.31,4403.49,4401.56,4401.56,11.5078
2026-09-07T06:36:00Z,4401.56,4401.89,4400.66,4400.82,2.8413
2026-09-07T06:37:00Z,4400.82,4400.82,4399.39,4399.39,1.411
2026-09-07T06:38:00Z,4399.39,4399.88,4398.8,4398.8,0.9477
2026-09-07T06:39:00Z,4398.8,4401.42,4398.8,4401.42,9.3529
2026-09-07T06:40:00Z,4401.42,4403.07,4401.41,4402.61,5.5503
2026-09-07T06:41:00Z,4402.61,4403.62,4401.97,4403.23,14.428300000000002
2026-09-07T06:42:00Z,4403.23,4403.81,4402.42,4403.52,2.3451
2026-09-07T06:43:00Z,4403.52,4403.52,4401.38,4401.38,2.009
2026-09-07T06:44:00Z,4401.38,4401.67,4401.24,4401.24,0.927
2026-09-07T06:45:00Z,4401.24,4401.72,4401.24,4401.72,2.009
2026-09-07T06:46:00Z,4401.72,4401.72,4401.52,4401.69,1
2026-09-07T06:47:00Z,4401.69,4403.18,4401.69,4403.18,0.4245
2026-09-07T06:48:00Z,4403.18,4403.18,4402.57,4402.57,0.7862
2026-09-07T06:49:00Z,4402.57,4402.57,4402.57,4402.57,0
2026-09-07T06:50:00Z,4401.52,4401.52,4401.52,4401.52,0.009
2026-09-07T06:51:00Z,4401.52,4401.62,4400.99,4401.62,1.981
2026-09-07T06:52:00Z,4401.62,4401.62,4401.41,4401.41,0.2287
2026-09-07T06:53:00Z,4401.41,4401.51,4401.41,4401.51,0.0073
2026-09-07T06:54:00Z,4401.51,4402.52,4399.37,4399.37,2.2357
2026-09-07T06:55:00Z,4399.37,4401.45,4398.35,4398.35,22.604
2026-09-07T06:56:00Z,4398.35,4399.29,4398.35,4398.92,1.2893999999999999
2026-09-07T06:57:00Z,4398.92,4398.92,4398.13,4398.13,2.4116
2026-09-07T06:58:00Z,4398.13,4398.13,4396.19,4397.23,4.8058
2026-09-07T06:59:00Z,4397.23,4398.12,4397.23,4398.11,2.038
2026-09-07T07:00:00Z,4398.11,4398.84,4397.48,4398.74,1.6961
2026-09-07T07:01:00Z,4398.74,4399.55,4397.96,4398.04,0.8518
2026-09-07T07:02:00Z,4398.04,4401.14,4398.04,4401.14,0.1607
2026-09-07T07:03:00Z,4401.14,4402.51,4401.14,4402.27,2.0513
2026-09-07T07:04:00Z,4402.27,4405.12,4402.27,4404.36,2.6148000000000002
2026-09-07T07:05:00Z,4404.36,4405.4,4403.69,4403.69,7.9321
2026-09-07T07:06:00Z,4403.69,4405.92,4403.46,4404.65,9.334
2026-09-07T07:07:00Z,4404.65,4405.8,4403.85,4405.59,6.1828
2026-09-07T07:08:00Z,4405.59,4405.59,4402.9,4403.73,2.1133
2026-09-07T07:09:00Z,4403.73,4405.91,4403.73,4404.9,1.5681
2026-09-07T07:10:00Z,4404.9,4404.9,4402.41,4403.04,0.5868
2026-09-07T07:11:00Z,4403.04,4403.39,4402.04,4402.5,0.3845
2026-09-07T07:12:00Z,4402.5,4402.5,4400.72,4402.23,1.4909
2026-09-07T07:13:00Z,4402.23,4404.87,4402.23,4404.87,1.7494999999999998
2026-09-07T07:14:00Z,4404.87,4405.08,4404.44,4404.44,0.25570000000000004
2026-09-07T07:15:00Z,4404.44,4406.37,4404.44,4404.78,6.435
2026-09-07T07:16:00Z,4404.78,4404.78,4403.24,4403.24,0.0123
2026-09-07T07:17:00Z,4403.24,4403.34,4402.8,4403.34,2.6686
2026-09-07T07:18:00Z,4403.34,4403.34,4402.82,4402.82,0.009
2026-09-07T07:19:00Z,4402.82,4403.03,4402.07,4402.91,2.5179
2026-09-07T07:20:00Z,4402.91,4403.26,4402.91,4403.22,1.9809
2026-09-07T07:21:00Z,4403.22,4405.01,4403.15,4403.15,0.1201
2026-09-07T07:22:00Z,4403.15,4403.15,4401.46,4401.54,5.3418
2026-09-07T07:23:00Z,4401.54,4402.13,4401.27,4402.13,0.30200000000000005
2026-09-07T07:24:00Z,4402.13,4402.52,4402.13,4402.35,0.3402
2026-09-07T07:25:00Z,4402.35,4404.27,4402.35,4404.27,1.018
2026-09-07T07:26:00Z,4404.27,4404.27,4403.21,4403.21,0.6042
2026-09-07T07:27:00Z,4403.21,4403.56,4402.8,4403.26,3.3936
2026-09-07T07:28:00Z,4403.26,4403.26,4401.35,4401.35,2.1089
2026-09-07T07:29:00Z,4401.35,4401.35,4399.78,4399.78,2.3269
2026-09-07T07:30:00Z,4399.78,4400.94,4399.77,4400.94,1.4708
2026-09-07T07:31:00Z,4400.94,4400.94,4399.06,4399.71,11
2026-09-07T07:32:00Z,4399.71,4401.35,4399.71,4401.35,7.5917
2026-09-07T07:33:00Z,4401.35,4401.35,4398.62,4398.93,1.169
2026-09-07T07:34:00Z,4398.93,4402.02,4398.93,4401.43,5.3518
2026-09-07T07:35:00Z,4401.43,4401.43,4400.45,4401.1,2.3201
2026-09-07T07:36:00Z,4401.1,4403.2,4401.1,4403.1,2.423
2026-09-07T07:37:00Z,4403.1,4403.1,4401.35,4401.53,0.1001
2026-09-07T07:38:00Z,4401.53,4401.53,4400.6,4401.01,1.7293
2026-09-07T07:39:00Z,4401.01,4401.01,4399.26,4399.26,1.0415
2026-09-07T07:40:00Z,4399.26,4400.91,4399.26,4400.33,7
2026-09-07T07:41:00Z,4400.33,4400.33,4398.57,4398.57,6.7479
2026-09-07T07:42:00Z,4398.57,4398.57,4397.95,4398.1,1.018
2026-09-07T07:43:00Z,4398.1,4398.1,4396.85,4398.06,4.0983
2026-09-07T07:44:00Z,4398.06,4399.72,4398.05,4399.72,4.4204
2026-09-07T07:45:00Z,4399.72,4401.93,4399.72,4401.93,2.7079999999999997
2026-09-07T07:46:00Z,4401.93,4401.93,4400.15,4400.76,2.2889
2026-09-07T07:47:00Z,4400.76,4401.62,4400.76,4400.84,0.096
2026-09-07T07:48:00Z,4400.84,4401.45,4400.84,4401.23,2.054
2026-09-07T07:49:00Z,4401.23,4401.23,4401.23,4401.23,0
2026-09-07T07:50:00Z,4403.5,4403.65,4403.31,4403.41,1.8102
2026-09-07T07:51:00Z,4403.41,4404.34,4403.41,4404.34,0.9149999999999999
2026-09-07T07:52:00Z,4404.34,4406.29,4404.27,4406.04,12.6864
2026-09-07T07:53:00Z,4406.04,4406.27,4405.57,4406.27,2.7258
2026-09-07T07:54:00Z,4406.27,4406.27,4404.29,4405.49,2.194
2026-09-07T07:55:00Z,4405.49,4410.9,4405.46,4410.9,19.1394
2026-09-07T07:56:00Z,4410.9,4410.9,4407.42,4407.42,6.8766
2026-09-07T07:57:00Z,4407.42,4408.26,4407.42,4408.26,3.8919
2026-09-07T07:58:00Z,4408.26,4410.38,4408.26,4409.85,4.1248
2026-09-07T07:59:00Z,4409.85,4410.87,4409.85,4410.56,4.1025
2026-09-07T08:00:00Z,4410.56,4412.46,4410.14,4411.92,4.8542
2026-09-07T08:01:00Z,4411.92,4415.79,4411.92,4415.79,12.8829
2026-09-07T08:02:00Z,4415.79,4417.92,4415.6,4417.77,7.3754
2026-09-07T08:03:00Z,4417.77,4421.64,4417.77,4420.95,16.262700000000002
2026-09-07T08:04:00Z,4420.95,4421.37,4415.83,4416.81,38.894800000000004
2026-09-07T08:05:00Z,4416.81,4417.29,4415.88,4416.72,8.1069
2026-09-07T08:06:00Z,4416.72,4419.13,4416.45,4416.92,27.8281
2026-09-07T08:07:00Z,4416.92,4418.1,4414.06,4416.99,4.829199999999999
2026-09-07T08:08:00Z,4416.99,4417.32,4416.37,4416.38,1.0368
2026-09-07T08:09:00Z,4416.38,4418.87,4416.38,4418.55,3.5615
2026-09-07T08:10:00Z,4418.55,4419.43,4418.36,4419.43,3.2285
2026-09-07T08:11:00Z,4419.43,4419.43,4417.64,4418.83,1.3053
2026-09-07T08:12:00Z,4418.83,4419.15,4417.46,4417.77,4.5671
2026-09-07T08:13:00Z,4417.77,4422.23,4417.77,4422.23,0.1877
2026-09-07T08:14:00Z,4422.23,4422.23,4421.13,4421.18,6.005
2026-09-07T08:15:00Z,4421.18,4423.47,4421.18,4422.46,7.228
2026-09-07T08:16:00Z,4422.46,4424.94,4422.46,4424.94,3.5044999999999997
2026-09-07T08:17:00Z,4424.94,4424.94,4424.61,4424.66,2.9144
2026-09-07T08:18:00Z,4424.66,4426.49,4424.24,4426.49,9.6638
2026-09-07T08:19:00Z,4426.49,4427.52,4426.07,4426.07,4.1415
2026-09-07T08:20:00Z,4426.07,4426.93,4425.84,4426.62,5.1966
2026-09-07T08:21:00Z,4426.62,4426.89,4425.3,4425.45,2.0931
2026-09-07T08:22:00Z,4425.45,4425.45,4423.19,4424.47,3.1231
2026-09-07T08:23:00Z,4424.47,4425.48,4423.04,4423.04,2.1862
2026-09-07T08:24:00Z,4423.04,4424.52,4423.04,4423.44,6.0028
2026-09-07T08:25:00Z,4423.44,4423.44,4421.91,4421.91,12.009
2026-09-07T08:26:00Z,4421.91,4422.16,4421.58,4421.58,1.0493
2026-09-07T08:27:00Z,4421.58,4423.18,4421.58,4422.53,11.166900000000002
2026-09-07T08:28:00Z,4422.53,4424.38,4422.41,4424.38,0.5686
2026-09-07T08:29:00Z,4424.38,4424.38,4423.3,4423.98,1.3614
2026-09-07T08:30:00Z,4423.98,4426.33,4423.31,4425.43,1.8566
2026-09-07T08:31:00Z,4425.43,4426.36,4425.43,4425.5,5.09
2026-09-07T08:32:00Z,4425.5,4428.31,4425.5,4428.31,3.3161
2026-09-07T08:33:00Z,4428.31,4428.31,4425.47,4425.91,1.3003
2026-09-07T08:34:00Z,4425.91,4426.51,4424.95,4425.3,1.2292
2026-09-07T08:35:00Z,4425.3,4425.75,4424.13,4424.13,1.2165
2026-09-07T08:36:00Z,4424.13,4424.52,4423.19,4424.35,1.1791
2026-09-07T08:37:00Z,4424.35,4424.35,4423.57,4423.74,1.1731
2026-09-07T08:38:00Z,4423.74,4423.74,4423.74,4423.74,0
2026-09-07T08:39:00Z,4422.29,4422.29,4420.21,4420.21,7.5788
2026-09-07T08:40:00Z,4420.21,4420.21,4418.4,4418.98,7.519200000000001
2026-09-07T08:41:00Z,4418.98,4419.5,4418.08,4419.5,5.4395
2026-09-07T08:42:00Z,4419.5,4420.47,4419.5,4420.29,5.3407
2026-09-07T08:43:00Z,4420.29,4420.43,4418.84,4420.43,14.3844
2026-09-07T08:44:00Z,4420.43,4420.7,4419.53,4419.53,5.034
2026-09-07T08:45:00Z,4419.53,4419.53,4418.08,4418.61,0.4189
2026-09-07T08:46:00Z,4418.61,4419.31,4418.61,4419.01,1.6926
2026-09-07T08:47:00Z,4419.01,4419.39,4417.58,4419.04,3.8359999999999994
2026-09-07T08:48:00Z,4419.04,4419.34,4419.04,4419.34,1
2026-09-07T08:49:00Z,4419.34,4419.34,4418.44,4418.45,1.0219
2026-09-07T08:50:00Z,4418.45,4418.45,4416.93,4417.58,1.3196999999999999
2026-09-07T08:51:00Z,4417.58,4417.58,4415.83,4415.83,0.1108
2026-09-07T08:52:00Z,4415.83,4416.33,4415.34,4415.67,17.0316
2026-09-07T08:53:00Z,4415.67,4415.72,4415.67,4415.72,2
2026-09-07T08:54:00Z,4415.72,4417.05,4415.72,4417.05,1.4522
2026-09-07T08:55:00Z,4417.05,4417.05,4415.4,4415.4,0.7195
2026-09-07T08:56:00Z,4415.4,4415.4,4415.4,4415.4,0
2026-09-07T08:57:00Z,4414.62,4414.62,4414.62,4414.62,0.2
2026-09-07T08:58:00Z,4414.62,4414.85,4413.97,4414.85,1.7077
2026-09-07T08:59:00Z,4414.85,4416.52,4414.85,4415.4,16.536700000000003
2026-09-07T09:00:00Z,4415.4,4417.13,4415.4,4417.13,7.0092
2026-09-07T09:01:00Z,4417.13,4417.58,4417.08,4417.08,6
2026-09-07T09:02:00Z,4417.08,4418.29,4416.13,4416.13,2.4285
2026-09-07T09:03:00Z,4416.13,4417.39,4416.13,4417.39,0.33909999999999996
2026-09-07T09:04:00Z,4417.39,4417.39,4416.19,4416.41,2.1738
2026-09-07T09:05:00Z,4416.41,4417.03,4416.41,4416.86,2.1462
2026-09-07T09:06:00Z,4416.86,4416.86,4415.72,4416.07,4.3759
2026-09-07T09:07:00Z,4416.07,4417.3,4416.07,4417.3,0.0266
2026-09-07T09:08:00Z,4417.3,4417.3,4416.1,4416.26,0.2586
2026-09-07T09:09:00Z,4416.26,4417.02,4416.26,4416.68,2.012
2026-09-07T09:10:00Z,4416.68,4417.28,4416.68,4417.28,0.1834
2026-09-07T09:11:00Z,4417.28,4417.94,4416.64,4417.47,2.2797
2026-09-07T09:12:00Z,4417.47,4417.47,4415.87,4415.87,1.2698
2026-09-07T09:13:00Z,4415.87,4416.96,4415.49,4415.49,0.3981
2026-09-07T09:14:00Z,4415.49,4416.1,4415.49,4415.82,0.2414
2026-09-07T09:15:00Z,4415.82,4416.12,4415.82,4416.08,0.1904
2026-09-07T09:16:00Z,4416.08,4416.08,4414.77,4414.77,1.109
2026-09-07T09:17:00Z,4414.77,4414.82,4413.97,4413.97,3.1944
2026-09-07T09:18:00Z,4413.97,4414.05,4412.03,4412.07,1.1605
2026-09-07T09:19:00Z,4412.07,4412.46,4410.66,4412.46,14.2024
2026-09-07T09:20:00Z,4412.46,4412.76,4412.18,4412.18,1.012
2026-09-07T09:21:00Z,4412.18,4413.09,4412.18,4412.93,1.1436
2026-09-07T09:22:00Z,4412.93,4412.93,4412.93,4412.93,0
2026-09-07T09:23:00Z,4412.71,4412.9,4412.71,4412.9,0.021
2026-09-07T09:24:00Z,4412.9,4412.9,4412.9,4412.9,0
2026-09-07T09:25:00Z,4413.39,4413.7,4413.22,4413.22,0.7555999999999999
2026-09-07T09:26:00Z,4413.22,4413.45,4413.22,4413.45,0.0226
2026-09-07T09:27:00Z,4413.45,4413.91,4413.39,4413.91,0.0835
2026-09-07T09:28:00Z,4413.91,4413.91,4412.8,4412.8,0.1101
2026-09-07T09:29:00Z,4412.8,4412.8,4410.47,4410.47,12.199
2026-09-07T09:30:00Z,4410.47,4411.03,4408.08,4408.53,12.033
2026-09-07T09:31:00Z,4408.53,4410.42,4408.43,4408.43,20.4908
2026-09-07T09:32:00Z,4408.43,4409.29,4408.43,4409.26,0.0316
2026-09-07T09:33:00Z,4409.26,4410.77,4409.26,4409.41,1.1187
2026-09-07T09:34:00Z,4409.41,4410.6,4409.41,4410.6,2.019
2026-09-07T09:35:00Z,4410.6,4410.6,4409.01,4409.64,7.9269
2026-09-07T09:36:00Z,4409.64,4411.05,4409.64,4411.05,4.2596
2026-09-07T09:37:00Z,4411.05,4411.05,4411.05,4411.05,0.0005
2026-09-07T09:38:00Z,4411.05,4411.05,4410.9,4410.9,0.012
2026-09-07T09:39:00Z,4410.9,4413.8,4410.9,4413.27,3.0513
2026-09-07T09:40:00Z,4413.27,4414.59,4413.27,4414.57,7.0642
2026-09-07T09:41:00Z,4414.57,4414.57,4413.22,4413.67,5.2821
2026-09-07T09:42:00Z,4413.67,4413.77,4413.1,4413.37,6.916499999999999
2026-09-07T09:43:00Z,4413.37,4413.37,4413.37,4413.37,0
2026-09-07T09:44:00Z,4414.01,4414.17,4413.8,4413.86,1.1971
2026-09-07T09:45:00Z,4413.86,4414.5,4413.86,4414.43,9
2026-09-07T09:46:00Z,4414.43,4414.43,4414.43,4414.43,0
2026-09-07T09:47:00Z,4413.98,4413.98,4413.98,4413.98,0.018
2026-09-07T09:48:00Z,4413.98,4414.63,4413.64,4414.24,9.0678
2026-09-07T09:49:00Z,4414.24,4414.3,4414.24,4414.3,0.009
2026-09-07T09:50:00Z,4414.3,4414.3,4413.63,4413.99,1.0691
2026-09-07T09:51:00Z,4413.99,4414.7,4413.99,4414.44,1.0678
2026-09-07T09:52:00Z,4414.44,4414.44,4414.16,4414.16,0.0678
2026-09-07T09:53:00Z,4414.16,4414.26,4412.95,4412.95,1.8741
2026-09-07T09:54:00Z,4412.95,4413.39,4412.01,4412.58,1.0441
2026-09-07T09:55:00Z,4412.58,4412.58,4412.2,4412.57,5
2026-09-07T09:56:00Z,4412.57,4412.76,4411.65,4411.65,3
2026-09-07T09:57:00Z,4411.65,4411.65,4409.94,4410.36,5.5462
2026-09-07T09:58:00Z,4410.36,4410.36,4409.76,4409.76,0.0406
2026-09-07T09:59:00Z,4409.76,4410.45,4409.76,4410.45,4.562
2026-09-07T10:00:00Z,4410.45,4410.86,4410.06,4410.13,3.4083
2026-09-07T10:01:00Z,4410.13,4410.59,4410.13,4410.16,4.0452
2026-09-07T10:02:00Z,4410.16,4410.16,4410.16,4410.16,0
2026-09-07T10:03:00Z,4409.34,4409.58,4409.34,4409.58,4
2026-09-07T10:04:00Z,4409.58,4409.58,4408.87,4408.87,0.0019
2026-09-07T10:05:00Z,4408.87,4409.76,4408.87,4409.56,4.0431
2026-09-07T10:06:00Z,4409.56,4409.58,4408.44,4408.44,0.0529
2026-09-07T10:07:00Z,4408.44,4408.44,4407.26,4407.26,0.134
2026-09-07T10:08:00Z,4407.26,4408.32,4407.13,4407.76,0.3988
2026-09-07T10:09:00Z,4407.76,4409.35,4407.76,4409.35,2.5364
2026-09-07T10:10:00Z,4409.35,4409.35,4408.37,4408.83,1.1075
2026-09-07T10:11:00Z,4408.83,4408.91,4407.53,4407.97,0.3536
2026-09-07T10:12:00Z,4407.97,4408.08,4407.38,4407.38,0.261
2026-09-07T10:13:00Z,4407.38,4407.39,4407.19,4407.39,0.1084
2026-09-07T10:14:00Z,4407.39,4407.79,4407.39,4407.79,0.0904
2026-09-07T10:15:00Z,4407.79,4407.81,4406.99,4407.81,1.3366
2026-09-07T10:16:00Z,4407.81,4407.89,4407.15,4407.36,0.7283
2026-09-07T10:17:00Z,4407.36,4408.43,4407.36,4408.2,5.1393
2026-09-07T10:18:00Z,4408.2,4408.67,4408.03,4408.67,0.0562
2026-09-07T10:19:00Z,4408.67,4408.72,4408.38,4408.72,0.069
2026-09-07T10:20:00Z,4408.72,4409.17,4405.12,4405.16,20.637800000000006
2026-09-07T10:21:00Z,4405.16,4405.96,4403.97,4404.76,13.6509
2026-09-07T10:22:00Z,4404.76,4404.76,4404.33,4404.46,4.5393
2026-09-07T10:23:00Z,4404.46,4404.46,4403.39,4403.39,1.002
2026-09-07T10:24:00Z,4403.39,4403.39,4402.59,4402.59,0.6141
2026-09-07T10:25:00Z,4402.59,4403.05,4402.59,4402.78,0.0595
2026-09-07T10:26:00Z,4402.78,4403.51,4402.78,4403.51,0.5638
2026-09-07T10:27:00Z,4403.51,4403.51,4401.71,4402.02,6.099500000000001
2026-09-07T10:28:00Z,4402.02,4402.43,4401.44,4401.93,0.5876
2026-09-07T10:29:00Z,4401.93,4401.93,4401.13,4401.13,0.1116
2026-09-07T10:30:00Z,4401.13,4401.32,4400.36,4400.55,5.2288
2026-09-07T10:31:00Z,4400.55,4400.55,4398.97,4398.97,11.1289
2026-09-07T10:32:00Z,4398.97,4400.76,4398.97,4400.03,3.4254
2026-09-07T10:33:00Z,4400.03,4400.57,4398.86,4398.86,1.0453
2026-09-07T10:34:00Z,4398.86,4398.86,4398.38,4398.38,1.0019
2026-09-07T10:35:00Z,4398.38,4398.38,4397.33,4397.33,0.5687
2026-09-07T10:36:00Z,4397.33,4398.18,4397.33,4397.49,6.8432
2026-09-07T10:37:00Z,4397.49,4397.96,4396.39,4397.5,0.2984
2026-09-07T10:38:00Z,4397.5,4399.06,4397.5,4397.65,1.772
2026-09-07T10:39:00Z,4397.65,4397.65,4397.02,4397.21,1.6238
2026-09-07T10:40:00Z,4397.21,4398.67,4397.21,4398.5,2.1722
2026-09-07T10:41:00Z,4398.5,4400.54,4398.5,4400.44,2.1303999999999994
2026-09-07T10:42:00Z,4400.44,4401.13,4400.44,4401.13,0.0182
2026-09-07T10:43:00Z,4401.13,4403.01,4401.09,4403.01,0.1835
2026-09-07T10:44:00Z,4403.01,4403.63,4403.01,4403.15,11.3485
2026-09-07T10:45:00Z,4403.15,4403.15,4402.35,4403.08,4.8892
2026-09-07T10:46:00Z,4403.08,4403.08,4401.27,4401.27,1.7756
2026-09-07T10:47:00Z,4401.27,4401.27,4399.89,4399.89,0.2473
2026-09-07T10:48:00Z,4399.89,4399.89,4399.09,4399.09,0.6826
2026-09-07T10:49:00Z,4399.09,4399.98,4399.07,4399.98,5.430000000000001
2026-09-07T10:50:00Z,4399.98,4399.98,4397.99,4398.3,20.0886
2026-09-07T10:51:00Z,4398.3,4398.89,4397.9,4398.89,3.0053
2026-09-07T10:52:00Z,4398.89,4398.89,4397.47,4397.61,7.1298
2026-09-07T10:53:00Z,4397.61,4400.51,4397.49,4400.37,5.092
2026-09-07T10:54:00Z,4400.37,4400.37,4396.64,4396.64,1.4977
2026-09-07T10:55:00Z,4396.64,4396.86,4394.63,4396.3,16.7454
2026-09-07T10:56:00Z,4396.3,4396.3,4392.7,4394.5,7.8345
2026-09-07T10:57:00Z,4394.5,4396.71,4394.5,4395.75,2.018
2026-09-07T10:58:00Z,4395.75,4397.32,4395.75,4396.79,11.1461
2026-09-07T10:59:00Z,4396.79,4397.12,4395.71,4395.82,7.0866
2026-09-07T11:00:00Z,4395.82,4397.47,4395.82,4396.6,5.5899
2026-09-07T11:01:00Z,4396.6,4396.6,4394.21,4394.21,2.0928
2026-09-07T11:02:00Z,4394.21,4395.77,4394.21,4395.48,0.3795
2026-09-07T11:03:00Z,4395.48,4396.45,4394.82,4395.86,12.3186
2026-09-07T11:04:00Z,4395.86,4396.46,4395.62,4396.14,1.6892
2026-09-07T11:05:00Z,4396.14,4396.87,4396,4396.6,1.1009
2026-09-07T11:06:00Z,4396.6,4398.36,4396.6,4397.89,1.1488
2026-09-07T11:07:00Z,4397.89,4397.89,4396.33,4396.96,6.1851
2026-09-07T11:08:00Z,4396.96,4397.32,4395.66,4396.25,18.2187
2026-09-07T11:09:00Z,4396.25,4396.37,4395.54,4395.56,2.9958
2026-09-07T11:10:00Z,4395.56,4396.79,4395.09,4396.79,1.1947
2026-09-07T11:11:00Z,4396.79,4397.85,4396.67,4397.17,1.5827
2026-09-07T11:12:00Z,4397.17,4399.12,4396.67,4398.48,4.6915
2026-09-07T11:13:00Z,4398.48,4399.34,4398.11,4398.12,24.706599999999998
2026-09-07T11:14:00Z,4398.12,4398.88,4397.74,4398.61,3.4278999999999997
2026-09-07T11:15:00Z,4398.61,4398.86,4397.08,4397.43,3.973
2026-09-07T11:16:00Z,4397.43,4399.36,4397.43,4398.51,2.5544
2026-09-07T11:17:00Z,4398.51,4398.83,4397.76,4398.8,1.1352
2026-09-07T11:18:00Z,4398.8,4398.8,4396.68,4396.72,6.7768
2026-09-07T11:19:00Z,4396.72,4398.51,4396.72,4397.3,1.7927000000000002
2026-09-07T11:20:00Z,4397.3,4399.48,4397.25,4399.3,3.2361
2026-09-07T11:21:00Z,4399.3,4399.75,4398.08,4398.17,5.5231
2026-09-07T11:22:00Z,4398.17,4398.54,4396.34,4396.34,6.0448
2026-09-07T11:23:00Z,4396.34,4396.58,4393.47,4394.26,4.1464
2026-09-07T11:24:00Z,4394.26,4395.32,4393.96,4394.86,2.6189999999999998
2026-09-07T11:25:00Z,4394.86,4394.86,4392.07,4393.98,14.4372
2026-09-07T11:26:00Z,4393.98,4394.82,4393.84,4394.81,2.5755
2026-09-07T11:27:00Z,4394.81,4395.4,4394.3,4394.63,6.3071
2026-09-07T11:28:00Z,4394.63,4394.84,4393.11,4393.25,6.075100000000001
2026-09-07T11:29:00Z,4393.25,4395.34,4393.15,4393.86,1.4904
2026-09-07T11:30:00Z,4393.86,4394.08,4391.5,4391.84,4.2475
2026-09-07T11:31:00Z,4391.84,4394.48,4391.71,4392.83,8.8649
2026-09-07T11:32:00Z,4392.83,4392.83,4386.49,4389.91,13.1096
2026-09-07T11:33:00Z,4389.91,4389.94,4388.34,4389.27,4.2801
2026-09-07T11:34:00Z,4389.27,4389.84,4385.92,4387.28,2.1956
2026-09-07T11:35:00Z,4387.28,4388.28,4387.09,4387.44,1.6579
2026-09-07T11:36:00Z,4387.44,4389.72,4386.96,4389.23,9.3658
2026-09-07T11:37:00Z,4389.23,4390.56,4389.23,4390.23,6.0624
2026-09-07T11:38:00Z,4390.23,4393.26,4389.98,4392.41,3.7253000000000003
2026-09-07T11:39:00Z,4392.41,4393.84,4391.44,4393.25,3.9598
2026-09-07T11:40:00Z,4393.25,4393.67,4391.99,4392.01,1.4029
2026-09-07T11:41:00Z,4392.01,4392.76,4391.27,4392.61,1.1902
2026-09-07T11:42:00Z,4392.61,4393.31,4391.94,4392.76,6.9502
2026-09-07T11:43:00Z,4392.76,4393.3,4391.85,4392.63,2.895
2026-09-07T11:44:00Z,4392.63,4392.83,4391.15,4391.29,1.8036
2026-09-07T11:45:00Z,4391.29,4393,4390.43,4392.4,2.6066
2026-09-07T11:46:00Z,4392.4,4395.58,4392.4,4395.52,6.5873
2026-09-07T11:47:00Z,4395.52,4395.88,4395.18,4395.61,1.0719
2026-09-07T11:48:00Z,4395.61,4396.91,4395.59,4396.51,5.1279
2026-09-07T11:49:00Z,4396.51,4396.51,4395.77,4396.11,1.0415
2026-09-07T11:50:00Z,4396.11,4396.38,4395.5,4395.86,2.0945
2026-09-07T11:51:00Z,4395.86,4396.76,4395.75,4396.21,1.0082
2026-09-07T11:52:00Z,4396.21,4396.53,4394.45,4394.46,2.1194
2026-09-07T11:53:00Z,4394.46,4394.77,4393.31,4393.59,4.1918999999999995
2026-09-07T11:54:00Z,4393.59,4393.61,4391.71,4391.99,1.3696
2026-09-07T11:55:00Z,4391.99,4393.15,4390.94,4391.27,3.1125
2026-09-07T11:56:00Z,4391.27,4392.42,4391.27,4391.5,1.0221
2026-09-07T11:57:00Z,4391.5,4391.51,4390.3,4390.74,1.0954
2026-09-07T11:58:00Z,4390.74,4391.29,4390.36,4390.36,1.0599
2026-09-07T11:59:00Z,4390.36,4390.7,4389.69,4389.69,0.9115
2026-09-07T12:00:00Z,4389.69,4393.49,4389.69,4393.26,3.6515
2026-09-07T12:01:00Z,4393.26,4393.85,4392.69,4393.13,4.0231
2026-09-07T12:02:00Z,4393.13,4393.44,4391.86,4392.19,1.2996
2026-09-07T12:03:00Z,4392.19,4392.39,4391.24,4391.4,1.1852
2026-09-07T12:04:00Z,4391.4,4391.53,4390.75,4391.11,1.0502
2026-09-07T12:05:00Z,4391.11,4392.77,4390.78,4392.77,3.117
2026-09-07T12:06:00Z,4392.77,4395.59,4392.77,4395.3,1.2211
2026-09-07T12:07:00Z,4395.3,4396.17,4393.92,4395.82,1.1302
2026-09-07T12:08:00Z,4395.82,4396.35,4395.44,4395.79,1.396
2026-09-07T12:09:00Z,4395.79,4396.06,4394.41,4395.01,0.9208999999999999
2026-09-07T12:10:00Z,4395.01,4397.73,4394.59,4397.73,3.1909
2026-09-07T12:11:00Z,4397.73,4398.38,4396.13,4396.13,10.867899999999999
2026-09-07T12:12:00Z,4396.13,4396.97,4395.57,4396.59,3.2086
2026-09-07T12:13:00Z,4396.59,4397.82,4396.59,4396.78,1.0908
2026-09-07T12:14:00Z,4396.78,4396.96,4395.68,4396.01,4.482
2026-09-07T12:15:00Z,4396.01,4397.02,4395.23,4395.51,11.484699999999998
2026-09-07T12:16:00Z,4395.51,4396.32,4395.51,4396.05,5.04
2026-09-07T12:17:00Z,4396.05,4397.54,4395.62,4396.97,6.8602
2026-09-07T12:18:00Z,4396.97,4397.33,4396.55,4397.33,3.6959
2026-09-07T12:19:00Z,4397.33,4397.67,4396.39,4397.09,2.298
2026-09-07T12:20:00Z,4397.09,4397.37,4395.18,4396.84,1.9303
2026-09-07T12:21:00Z,4396.84,4397.88,4396.55,4396.98,2.6425
2026-09-07T12:22:00Z,4396.98,4397.17,4395.9,4396.27,3.9082
2026-09-07T12:23:00Z,4396.27,4398.28,4395.85,4398.07,1.1814
2026-09-07T12:24:00Z,4398.07,4398.66,4397.89,4398.38,0.9638
2026-09-07T12:25:00Z,4398.38,4399.27,4398.07,4398.78,1.903
2026-09-07T12:26:00Z,4398.78,4399.23,4398.26,4398.92,1.4251
2026-09-07T12:27:00Z,4398.92,4399.5,4397.85,4399.35,1.1337
2026-09-07T12:28:00Z,4399.35,4399.53,4398.2,4398.59,1.9303
2026-09-07T12:29:00Z,4398.59,4400.01,4398.29,4399.5,8.9732
2026-09-07T12:30:00Z,4399.5,4400.87,4399.48,4400.4,13.6891
2026-09-07T12:31:00Z,4400.4,4401.82,4400.17,4401.21,10.6227
2026-09-07T12:32:00Z,4401.21,4401.46,4400.71,4400.8,9.6204
2026-09-07T12:33:00Z,4400.8,4401.32,4400.8,4400.94,1.9143
2026-09-07T12:34:00Z,4400.94,4401.24,4398.71,4398.91,4.3684
2026-09-07T12:35:00Z,4398.91,4399.68,4397.65,4397.65,9.4105
2026-09-07T12:36:00Z,4397.65,4398.23,4397.03,4397.9,8.3971
2026-09-07T12:37:00Z,4397.9,4399.09,4397.9,4398.91,3.192
2026-09-07T12:38:00Z,4398.91,4400.76,4398.82,4400.41,2.3933
2026-09-07T12:39:00Z,4400.41,4400.71,4399.68,4400.25,8.4707
2026-09-07T12:40:00Z,4400.25,4402.01,4400.14,4402.01,1.0645
2026-09-07T12:41:00Z,4402.01,4402.58,4401.59,4402.12,5.282
2026-09-07T12:42:00Z,4402.12,4402.5,4401.96,4402.28,2.2658
2026-09-07T12:43:00Z,4402.28,4402.28,4400.25,4400.25,5.8747
2026-09-07T12:44:00Z,4400.25,4401.77,4400.25,4401.35,4.1304
2026-09-07T12:45:00Z,4401.35,4402.31,4401.04,4401.99,9.3325
2026-09-07T12:46:00Z,4401.99,4402.15,4401.53,4401.8,3.2832
2026-09-07T12:47:00Z,4401.8,4402.35,4400.84,4401.29,1.2213
2026-09-07T12:48:00Z,4401.29,4401.85,4400.76,4401.5,4.4670000000000005
2026-09-07T12:49:00Z,4401.5,4401.81,4401.3,4401.36,1.1413
2026-09-07T12:50:00Z,4401.36,4402.66,4401.36,4402.11,4.0643
2026-09-07T12:51:00Z,4402.11,4402.31,4401.01,4401.34,4.7322999999999995
2026-09-07T12:52:00Z,4401.34,4401.51,4397.69,4399.84,77.36980000000001
2026-09-07T12:53:00Z,4399.84,4400.09,4399.18,4400.09,12.6957
2026-09-07T12:54:00Z,4400.09,4400.61,4399.05,4399.52,3.3978
2026-09-07T12:55:00Z,4399.52,4399.88,4399.03,4399.14,4.4614
2026-09-07T12:56:00Z,4399.14,4399.87,4399.14,4399.57,2.3626
2026-09-07T12:57:00Z,4399.57,4400.66,4399.44,4400.25,5.05
2026-09-07T12:58:00Z,4400.25,4400.64,4399.62,4399.78,0.9263
2026-09-07T12:59:00Z,4399.78,4401.89,4399.78,4401.22,10.0198
2026-09-07T13:00:00Z,4401.22,4405.76,4400.28,4403.16,84.16259999999998
2026-09-07T13:01:00Z,4403.16,4403.61,4401.55,4402.44,5.1703
2026-09-07T13:02:00Z,4402.44,4404.59,4402.44,4402.52,3.4088000000000003
2026-09-07T13:03:00Z,4402.52,4402.52,4401.93,4401.93,0.1285
2026-09-07T13:04:00Z,4401.93,4404.54,4401.93,4404.33,2.7416
2026-09-07T13:05:00Z,4404.33,4406.51,4404.01,4406.13,7.830199999999999
2026-09-07T13:06:00Z,4406.13,4406.68,4405,4405.8,1.3375000000000001
2026-09-07T13:07:00Z,4405.8,4405.8,4404.23,4405.58,8.328
2026-09-07T13:08:00Z,4405.58,4405.58,4405.2,4405.31,3.0442
2026-09-07T13:09:00Z,4405.31,4406.75,4405.31,4406.75,1.3405
2026-09-07T13:10:00Z,4406.75,4408.04,4406.48,4407.55,2.956
2026-09-07T13:11:00Z,4407.55,4408.02,4406.26,4406.26,1.9634
2026-09-07T13:12:00Z,4406.26,4408.27,4405.81,4408.27,8.551
2026-09-07T13:13:00Z,4408.27,4408.65,4407.32,4408.23,22.5385
2026-09-07T13:14:00Z,4408.23,4409.15,4408.23,4408.81,3.6596
2026-09-07T13:15:00Z,4408.81,4408.81,4406.79,4408.12,3.5073
2026-09-07T13:16:00Z,4408.12,4408.12,4406.31,4406.92,7.2746
2026-09-07T13:17:00Z,4406.92,4408.21,4406.92,4407.28,1.233
2026-09-07T13:18:00Z,4407.28,4408.21,4407.28,4408.02,6.911300000000001
2026-09-07T13:19:00Z,4408.02,4408.02,4406.28,4406.88,1.5397
2026-09-07T13:20:00Z,4406.88,4408.05,4406.88,4408.05,0.0384
2026-09-07T13:21:00Z,4408.05,4409.23,4408.05,4408.87,1.0423
2026-09-07T13:22:00Z,4408.87,4408.87,4408.37,4408.37,0.1134
2026-09-07T13:23:00Z,4408.37,4408.37,4408.33,4408.33,0.006
2026-09-07T13:24:00Z,4408.33,4408.33,4408.02,4408.02,0.0125
2026-09-07T13:25:00Z,4408.02,4409.34,4408.02,4409.09,1.1092
2026-09-07T13:26:00Z,4409.09,4409.48,4408.77,4408.77,0.0604
2026-09-07T13:27:00Z,4408.77,4408.77,4408.56,4408.56,0.2022
2026-09-07T13:28:00Z,4408.56,4408.61,4408.42,4408.42,0.8753000000000001
2026-09-07T13:29:00Z,4408.42,4409.74,4407.64,4408.34,3.2163000000000004
2026-09-07T13:30:00Z,4408.34,4409.89,4408.34,4409.89,0.3518
2026-09-07T13:31:00Z,4409.89,4411.36,4409.86,4411.36,0.0977
2026-09-07T13:32:00Z,4411.36,4412.27,4411.11,4411.12,3.2365
2026-09-07T13:33:00Z,4411.12,4411.12,4411.12,4411.12,0
2026-09-07T13:34:00Z,4410.73,4410.99,4410.73,4410.85,0.4453
2026-09-07T13:35:00Z,4410.85,4410.85,4410.56,4410.56,0.0453
2026-09-07T13:36:00Z,4410.56,4410.56,4407.92,4409.21,2.7792
2026-09-07T13:37:00Z,4409.21,4409.21,4408.36,4408.36,2.0013
2026-09-07T13:38:00Z,4408.36,4408.36,4407.73,4407.96,5
2026-09-07T13:39:00Z,4407.96,4407.96,4407.49,4407.49,0.364
2026-09-07T13:40:00Z,4407.49,4407.49,4406.68,4406.98,0.5032
2026-09-07T13:41:00Z,4406.98,4407.66,4406.98,4407.21,1.1661
2026-09-07T13:42:00Z,4407.21,4408.13,4407.21,4408.02,6.233099999999998
2026-09-07T13:43:00Z,4408.02,4408.02,4407.12,4407.12,0.0252
2026-09-07T13:44:00Z,4407.12,4407.8,4407.12,4407.74,2.361
2026-09-07T13:45:00Z,4407.74,4410.22,4407.74,4409.95,5.8694
2026-09-07T13:46:00Z,4409.95,4410.87,4409.75,4410,7.0568
2026-09-07T13:47:00Z,4410,4412.78,4410,4411.57,7.0245
2026-09-07T13:48:00Z,4411.57,4411.57,4409.69,4409.69,8.1234
2026-09-07T13:49:00Z,4409.69,4409.69,4408.36,4408.36,0.0052
2026-09-07T13:50:00Z,4408.36,4408.36,4407.47,4407.97,13.2562
2026-09-07T13:51:00Z,4407.97,4408.32,4407.41,4407.55,4.0334
2026-09-07T13:52:00Z,4407.55,4408.14,4407.32,4408.14,3.4876
2026-09-07T13:53:00Z,4408.14,4408.14,4408.04,4408.04,0.0089
2026-09-07T13:54:00Z,4408.04,4409.55,4408.02,4409.55,3.9107
2026-09-07T13:55:00Z,4409.55,4409.55,4407.6,4407.65,1.4702
2026-09-07T13:56:00Z,4407.65,4407.65,4407.65,4407.65,0
2026-09-07T13:57:00Z,4407.86,4407.86,4407.05,4407.38,4.4561
2026-09-07T13:58:00Z,4407.38,4407.38,4405.76,4405.76,2.56
2026-09-07T13:59:00Z,4405.76,4406.97,4405.76,4406.84,2.0056
2026-09-07T14:00:00Z,4406.84,4410.15,4406.12,4409.92,4.0546999999999995
2026-09-07T14:01:00Z,4409.92,4411.89,4409.92,4411.18,7.8448
2026-09-07T14:02:00Z,4411.18,4412.52,4411.18,4411.31,4.0874
2026-09-07T14:03:00Z,4411.31,4412.97,4411.31,4412.1,13.3454
2026-09-07T14:04:00Z,4412.1,4412.39,4410.59,4410.59,6.7338
2026-09-07T14:05:00Z,4410.59,4410.59,4410.59,4410.59,0
2026-09-07T14:06:00Z,4411.62,4412.73,4411.62,4412.02,16.729499999999998
2026-09-07T14:07:00Z,4412.02,4413.26,4411.72,4412.89,23.2106
2026-09-07T14:08:00Z,4412.89,4412.89,4412.89,4412.89,0
2026-09-07T14:09:00Z,4412.77,4412.96,4411.93,4411.94,5.092
2026-09-07T14:10:00Z,4411.94,4412.14,4411.94,4412.14,0.05
2026-09-07T14:11:00Z,4412.14,4412.14,4411.49,4411.84,5.112
2026-09-07T14:12:00Z,4411.84,4412.25,4411.84,4412.2,2.1
2026-09-07T14:13:00Z,4412.2,4413.44,4412.2,4413.44,1.1133
2026-09-07T14:14:00Z,4413.44,4413.44,4413.44,4413.44,0
2026-09-07T14:15:00Z,4412.07,4412.52,4412.03,4412.52,4.1198
2026-09-07T14:16:00Z,4412.52,4412.52,4412.35,4412.36,1.0019
2026-09-07T14:17:00Z,4412.36,4412.63,4412.36,4412.58,1
2026-09-07T14:18:00Z,4412.58,4412.58,4412.58,4412.58,0
2026-09-07T14:19:00Z,4412.32,4412.32,4412.27,4412.27,2
2026-09-07T14:20:00Z,4412.27,4412.54,4412.27,4412.27,4.3451
2026-09-07T14:21:00Z,4412.27,4412.78,4411.09,4411.09,0.1359
2026-09-07T14:22:00Z,4411.09,4412.24,4411.09,4411.83,4.1846
2026-09-07T14:23:00Z,4411.83,4411.83,4411.5,4411.5,0.4394
2026-09-07T14:24:00Z,4411.5,4411.5,4410.11,4410.41,5.4478
2026-09-07T14:25:00Z,4410.41,4412.34,4410.41,4412.34,0.4176
2026-09-07T14:26:00Z,4412.34,4412.35,4411.98,4412.11,0.242
2026-09-07T14:27:00Z,4412.11,4413.16,4411.93,4412.92,1.7709
2026-09-07T14:28:00Z,4412.92,4412.92,4411.72,4411.72,2.3499
2026-09-07T14:29:00Z,4411.72,4411.72,4411.41,4411.41,0.0901
2026-09-07T14:30:00Z,4411.41,4411.41,4411.41,4411.41,0
2026-09-07T14:31:00Z,4411.09,4411.22,4411.09,4411.22,1
2026-09-07T14:32:00Z,4411.22,4411.22,4411.11,4411.11,0.0309
2026-09-07T14:33:00Z,4411.11,4411.58,4410.75,4411.07,0.6937
2026-09-07T14:34:00Z,4411.07,4411.46,4410.42,4410.42,1.2563
2026-09-07T14:35:00Z,4410.42,4410.42,4410.13,4410.13,0.012
2026-09-07T14:36:00Z,4410.13,4411.21,4409.85,4410.55,6.228
2026-09-07T14:37:00Z,4410.55,4413.35,4410.55,4411.57,28.0318
2026-09-07T14:38:00Z,4411.57,4411.57,4410.76,4410.76,1
2026-09-07T14:39:00Z,4410.76,4410.76,4409.31,4410.54,0.8976
2026-09-07T14:40:00Z,4410.54,4411.87,4410.54,4411.18,1.005
2026-09-07T14:41:00Z,4411.18,4411.18,4410.39,4410.39,2.0526
2026-09-07T14:42:00Z,4410.39,4412.97,4410.39,4412.97,8.4031
2026-09-07T14:43:00Z,4412.97,4415.99,4412.96,4415.86,8.735399999999998
2026-09-07T14:44:00Z,4415.86,4416.75,4415.76,4415.83,4.6023
2026-09-07T14:45:00Z,4415.83,4418.37,4415.83,4417.81,5.4349
2026-09-07T14:46:00Z,4417.81,4417.81,4416.98,4416.98,2
2026-09-07T14:47:00Z,4416.98,4421.23,4416.98,4420.61,16.4319
2026-09-07T14:48:00Z,4420.61,4423.41,4420.61,4423.41,3.0568
2026-09-07T14:49:00Z,4423.41,4423.41,4418.88,4419.4,0.1753
2026-09-07T14:50:00Z,4419.4,4419.4,4418.13,4418.13,0.0712
2026-09-07T14:51:00Z,4418.13,4419.03,4417.1,4419.03,8.5336
2026-09-07T14:52:00Z,4419.03,4420.09,4419,4419.99,1.4615
2026-09-07T14:53:00Z,4419.99,4422.63,4419.91,4422.31,5.0236
2026-09-07T14:54:00Z,4422.31,4424.62,4421.3,4421.3,12.9528
2026-09-07T14:55:00Z,4421.3,4421.71,4421.3,4421.41,2.1524
2026-09-07T14:56:00Z,4421.41,4421.8,4420.86,4421.8,1.2596
2026-09-07T14:57:00Z,4421.8,4421.93,4420.78,4421.14,1.0165
2026-09-07T14:58:00Z,4421.14,4421.3,4420.6,4420.7,0.9777
2026-09-07T14:59:00Z,4420.7,4421.47,4420.62,4421.47,2.337
2026-09-07T15:00:00Z,4421.47,4421.63,4420.46,4420.85,5.882
2026-09-07T15:01:00Z,4420.85,4420.85,4418.71,4420.09,4.0437
2026-09-07T15:02:00Z,4420.09,4420.09,4418.47,4418.67,1.0435
2026-09-07T15:03:00Z,4418.67,4419.13,4417.86,4418.88,4.8476
2026-09-07T15:04:00Z,4418.88,4419.27,4417.13,4417.86,15.905199999999997
2026-09-07T15:05:00Z,4417.86,4417.88,4415.35,4415.63,7.7502
2026-09-07T15:06:00Z,4415.63,4415.63,4414.67,4414.9,1.5502
2026-09-07T15:07:00Z,4414.9,4415.25,4414.05,4415.25,3.9647
2026-09-07T15:08:00Z,4415.25,4415.64,4414.84,4415.22,2.4631
2026-09-07T15:09:00Z,4415.22,4417.02,4415.22,4417.02,0.7607
2026-09-07T15:10:00Z,4417.02,4418.19,4417.02,4417.09,0.262
2026-09-07T15:11:00Z,4417.09,4417.09,4416.31,4416.74,4.1159
2026-09-07T15:12:00Z,4416.74,4418.41,4416.74,4418.41,5.960299999999999
2026-09-07T15:13:00Z,4418.41,4418.41,4417.77,4417.77,1.5566
2026-09-07T15:14:00Z,4417.77,4418.94,4417.32,4418.93,0.1707
2026-09-07T15:15:00Z,4418.93,4419.47,4418.35,4419.21,4.1681
2026-09-07T15:16:00Z,4419.21,4419.71,4418.5,4418.7,2.1017
2026-09-07T15:17:00Z,4418.7,4418.9,4418.1,4418.1,0.1587
2026-09-07T15:18:00Z,4418.1,4418.38,4417.95,4418.03,4.5215
2026-09-07T15:19:00Z,4418.03,4419.2,4417.77,4418.67,0.6789
2026-09-07T15:20:00Z,4418.67,4419.48,4417.89,4418.35,6.9368
2026-09-07T15:21:00Z,4418.35,4419.15,4418.3,4418.86,2.8309
2026-09-07T15:22:00Z,4418.86,4419.41,4418.58,4419.3,1.9996
2026-09-07T15:23:00Z,4419.3,4419.3,4418.17,4418.25,3.7172
2026-09-07T15:24:00Z,4418.25,4418.96,4417.83,4418.78,3.3567
2026-09-07T15:25:00Z,4418.78,4418.78,4418.03,4418.48,0.8523999999999999
2026-09-07T15:26:00Z,4418.48,4418.48,4416.35,4416.43,21.367800000000003
2026-09-07T15:27:00Z,4416.43,4416.59,4416.18,4416.59,1.9521
2026-09-07T15:28:00Z,4416.59,4417.37,4416.59,4417.37,0.7662
2026-09-07T15:29:00Z,4417.37,4417.79,4417.3,4417.46,2.7165
2026-09-07T15:30:00Z,4417.46,4418,4417.2,4417.55,13.6785
2026-09-07T15:31:00Z,4417.55,4417.55,4415.36,4416.89,95.4422
2026-09-07T15:32:00Z,4416.89,4416.89,4415.32,4415.68,29.947
2026-09-07T15:33:00Z,4415.68,4416.25,4415.54,4415.65,5.4819
2026-09-07T15:34:00Z,4415.65,4417.97,4415.65,4417.75,4.9374
2026-09-07T15:35:00Z,4417.75,4418.24,4417.44,4418.24,8.5605
2026-09-07T15:36:00Z,4418.24,4418.33,4418.24,4418.33,0.0022
2026-09-07T15:37:00Z,4418.33,4418.33,4415.97,4416.05,0.38870000000000005
2026-09-07T15:38:00Z,4416.05,4416.64,4416.05,4416.64,0.003
2026-09-07T15:39:00Z,4416.64,4416.99,4414.95,4415.5,25.1106
2026-09-07T15:40:00Z,4415.5,4415.5,4414.12,4414.3,25.666
2026-09-07T15:41:00Z,4414.3,4415,4413.34,4413.34,5.0022
2026-09-07T15:42:00Z,4413.34,4414.58,4412.74,4414.58,12.5922
2026-09-07T15:43:00Z,4414.58,4414.86,4413.99,4414.86,0.0054
2026-09-07T15:44:00Z,4414.86,4416.16,4414.86,4416.16,5.3829
2026-09-07T15:45:00Z,4416.16,4416.28,4415.43,4415.66,8.8232
2026-09-07T15:46:00Z,4415.66,4417.12,4415.66,4417.12,4.2
2026-09-07T15:47:00Z,4417.12,4417.12,4417.12,4417.12,0
2026-09-07T15:48:00Z,4416.63,4418.42,4416.55,4417.06,124.65129999999999
2026-09-07T15:49:00Z,4417.06,4417.3,4417.06,4417.3,0.02
2026-09-07T15:50:00Z,4417.3,4417.57,4417.3,4417.57,1.427
2026-09-07T15:51:00Z,4417.57,4417.57,4417.57,4417.57,0
2026-09-07T15:52:00Z,4417.31,4417.31,4416.94,4416.94,6.999999999999999
2026-09-07T15:53:00Z,4416.94,4417.6,4416.35,4416.87,22.4773
2026-09-07T15:54:00Z,4416.87,4417.37,4416.34,4417.37,26.925
2026-09-07T15:55:00Z,4417.37,4417.37,4416.58,4416.58,3
2026-09-07T15:56:00Z,4416.58,4416.58,4416.58,4416.58,0
2026-09-07T15:57:00Z,4417.07,4417.52,4417.07,4417.07,5.781
2026-09-07T15:58:00Z,4417.07,4418.05,4417.07,4418.05,2.3473
2026-09-07T15:59:00Z,4418.05,4419.07,4418.05,4418.44,9.6964
2026-09-07T16:00:00Z,4418.44,4419.27,4417.63,4417.63,15.0179
2026-09-07T16:01:00Z,4417.63,4418.1,4417.59,4418.09,8.2428
2026-09-07T16:02:00Z,4418.09,4418.3,4417.69,4417.69,2.412
2026-09-07T16:03:00Z,4417.69,4417.69,4417.31,4417.31,3.9999999999999996
2026-09-07T16:04:00Z,4417.31,4418.37,4417.31,4418.21,0.4319
2026-09-07T16:05:00Z,4418.21,4418.21,4417.95,4417.95,0.0035
2026-09-07T16:06:00Z,4417.95,4418.44,4417.95,4418.41,0.4388
2026-09-07T16:07:00Z,4418.41,4419.47,4418.41,4419.04,7.5472
2026-09-07T16:08:00Z,4419.04,4419.5,4419.04,4419.5,2.7800000000000002
2026-09-07T16:09:00Z,4419.5,4419.77,4419.07,4419.77,0.3731
2026-09-07T16:10:00Z,4419.77,4420.54,4419.49,4420.25,3.2569
2026-09-07T16:11:00Z,4420.25,4421.12,4420.25,4420.98,0.008
2026-09-07T16:12:00Z,4420.98,4421.37,4420.98,4421.37,0.0496
2026-09-07T16:13:00Z,4421.37,4421.37,4421.2,4421.2,0.2
2026-09-07T16:14:00Z,4421.2,4421.37,4421.2,4421.37,1
2026-09-07T16:15:00Z,4421.37,4421.37,4419.85,4419.85,0.1197
2026-09-07T16:16:00Z,4419.85,4419.91,4418.89,4418.89,5.002
2026-09-07T16:17:00Z,4418.89,4419.21,4418.08,4418.08,0.209
2026-09-07T16:18:00Z,4418.08,4418.12,4417.62,4418.12,4.1
2026-09-07T16:19:00Z,4418.12,4418.12,4417.55,4417.55,1.2
2026-09-07T16:20:00Z,4417.55,4418.02,4417.55,4418.02,3.1131
